variable,Ant,Ant,Ant,Ant,Ant,Nat,Nat,Nat,Nat,Nat,GHG,GHG,GHG,GHG,GHG,OHF,OHF,OHF,OHF,OHF
percentile,5,17,83,95,50,5,17,83,95,50,5,17,83,95,50,5,17,83,95,50
Year,,,,,,,,,,,,,,,,,,,,
1850,-0.168157696,-0.122814984,0.002415684,0.047757249,-0.060198858,-0.058987717,-0.040634482,0.010060927037686941,0.028418160717237854,-0.015289539,-0.124430254,-0.106243077,-0.056042425,-0.037877405,-0.081127453,-0.058428668,-0.026402419,0.062074876893172606,0.094118393,0.017824307
1851,-0.173636459,-0.14016059,-0.047708653,-0.014236567,-0.09393201,-0.014114692,0.000804838,0.041997834112491694,0.056907716,0.021407997387233726,-0.087349145,-0.068220724,-0.015397567,0.003725263,-0.041805285,-0.095917911,-0.068732914,0.006263312,0.033385927,-0.031191727
1852,-0.161299789,-0.125184955,-0.025442336,0.010670244041509722,-0.07531209,-0.002643339,0.014433078,0.061559796,0.078609622,0.038014797,-0.082841826,-0.060682868,0.000514615,0.022671075,-0.030082401,-0.096987584,-0.067760744,0.012899195406831127,0.042081278,-0.027399871
1853,-0.115098145,-0.087067378,-0.009650722,0.018378848357683816,-0.048358223,-0.017373595,8.646415396071708e-05,0.048294939585166875,0.065744466,0.024197974226966297,-0.114944895,-0.093101582,-0.032787759,-0.010955544,-0.062937007,-0.043714515,-0.019993479,0.045538271,0.069271262,0.012764141
1854,-0.178011955,-0.108944199,0.081814312,0.1508820299265219,-0.013564917,-0.019474926,-0.002723778,0.043530515380898735,0.060273855,0.020408760334103528,-0.11823154,-0.097342838,-0.039669216,-0.018794261,-0.068496535,-0.076065727,-0.027753367,0.1057562802178349,0.15412332031946585,0.038963701029868326
1855,-0.24506003,-0.154544857,0.095449238,0.18596427190855985,-0.029547714,-0.001125159,0.016564974751013883,0.065382216,0.083042498,0.040994207,-0.105727418,-0.087122145,-0.035753295,-0.017160436,-0.061429148,-0.118998841,-0.059028621,0.10662609583305545,0.16661274060127967,0.023787395915031526
1856,-0.16876173,-0.129435969,-0.020824807,0.018498893941866226,-0.075128966,-0.012612693,0.007460236,0.062873007,0.082926568,0.035179994,-0.103451007,-0.081982491,-0.022699276,-0.001238568,-0.052335492,-0.081860431,-0.05243314,0.028830866671389427,0.058249925,-0.011795452
1857,-0.161565717,-0.110775083,0.029503169055403268,0.080293337,-0.040635635,-0.008877249,0.007031632,0.050947514,0.066839789,0.02900104,-0.094338222,-0.072205502,-0.011083659,0.011044266,-0.04164127,-0.082810844,-0.046812333,0.052612686,0.088611604,0.002899896
1858,-0.117657828,-0.06653311,0.074668501,0.1257932243712414,0.004067692,-0.030778078,-0.012743903,0.037061216,0.055092817,0.012160434607013349,-0.082704764,-0.062238553,-0.005717593,0.014745166957802466,-0.03397569,-0.061330172,-0.024544059,0.077100717,0.11391944187645761,0.026255810085696475
1859,-0.064684192,-0.017861225,0.11146027756146923,0.1582839156485317,0.046799063,-0.020235455,-0.00030337,0.054731024,0.074651432,0.027221888620968398,-0.079799443,-0.062811796,-0.015901238,0.00108083,-0.039352665,-0.03172824,0.00571528,0.10934201572518809,0.146938547,0.057422997
1860,-0.116566621,-0.075076804,0.039513967,0.081003675,-0.017781343,-0.004136317,0.016811001,0.074622167,0.095538106,0.045738251,-0.0985632,-0.079647456,-0.027416774,-0.0085103,-0.053525715,-0.047543665,-0.016723053,0.068452595,0.099310899,0.025838745
1861,-0.136403009,-0.09383949,0.023716323044538343,0.066279427,-0.035061297,-0.035248031,-0.018405875,0.028109947826644843,0.044951664,0.004852339,-0.117042588,-0.098514313,-0.047365245,-0.028854541,-0.072927646,-0.046613493,-0.015170379,0.071733495,0.10322077161880848,0.028251064830682238
1862,-0.222924469,-0.148515406,0.056994782,0.13140344093630404,-0.045760034,-0.067012333,-0.047410645,0.0067365,0.026344813932723612,-0.020341648,-0.095188846,-0.076285082,-0.024085942,-0.00519033,-0.050179883,-0.112303704,-0.062803707,0.073912069,0.12341315053988922,0.005553432
1863,-0.211275983,-0.132539335,0.084923644,0.16366018809968758,-0.023807774,-0.042290381,-0.028152883,0.010895822482814834,0.025034973840680742,-0.008629672,-0.066843528,-0.052530352,-0.013005062,0.001303524,-0.032764538,-0.11519326,-0.063652699,0.078700063,0.13024253621599996,0.007522362
1864,-0.126082695,-0.094661708,-0.007881594,0.023538191722062868,-0.051270822,-0.041741134,-0.023788243,0.025795909223009873,0.043748783,0.001003845,-0.076444392,-0.058099239,-0.007436619,0.010904953522850001,-0.032765456,-0.067294976,-0.043274288,0.023058347,0.047071635352158095,-0.010102862
1865,-0.18165237,-0.131376929,0.007477539,0.057751885,-0.061948938,-0.022478008,-0.004421125,0.045440159,0.063489723,0.020514571,-0.094718578,-0.079030684,-0.035719945,-0.02004489,-0.057366448,-0.080595196,-0.046676003,0.047005580233189716,0.080924775,0.000164788
1866,-0.170781176,-0.118660059,0.025292672,0.077413189,-0.046683279,-0.019753073,-0.000926336,0.051056837296302976,0.069873088,0.025072491,-0.04349172,-0.027384782,0.017100907683889208,0.033207745,-0.005141868,-0.112957831,-0.076596408,0.023784332,0.060112411,-0.026383015
1867,-0.113488522,-0.064082674,0.072371579,0.12177743238507521,0.004144449,-0.012027346,0.005425455,0.053606761,0.071043872,0.029526942511526804,-0.059295789,-0.039811297,0.014002292572432382,0.033486261745134374,-0.012904141,-0.070973064,-0.03627538,0.059565708233744685,0.094270191,0.011640469877142564
1868,-0.107162352,-0.067010258,0.043885935,0.084037981,-0.011562129,-0.017329479,0.00080306,0.050867433372296406,0.068988405,0.025843234228696246,-0.043736666,-0.024631348,0.028135734289103407,0.047241062,0.001752186,-0.078025851,-0.048883806,0.031597587234818605,0.060735172,-0.00864003
1869,-0.214424419,-0.137355286,0.075502072,0.15257102672598855,-0.030926484,-0.015236901,0.00502473,0.060962106686994914,0.081206851,0.033005078,-0.048993569,-0.031825775,0.015589712454055686,0.032757272,-0.008117869,-0.135870842,-0.084768723,0.056360976683599094,0.10745622624941269,-0.01419913
1870,-0.142773943,-0.088295068,0.062170333,0.11664916305529545,-0.013062336,-0.018305363,0.000519307,0.052495053,0.071307993,0.026515279,-0.084395942,-0.065145783,-0.011985205,0.007260227,-0.03856223,-0.071784179,-0.033884278,0.070813237,0.1087287788086715,0.018453680136216077
1871,-0.122000368,-0.077791353,0.044309608,0.088518532,-0.01674081,-0.013018267,0.006184535,0.059196685677326444,0.078381993,0.032702689,-0.079085609,-0.063781454,-0.021522878,-0.006225996,-0.042647144,-0.054608512,-0.023719946,0.061619234,0.092528005,0.018935693866012477
1872,-0.101846544,-0.065236719,0.035876012,0.072485752,-0.014680295,-0.004783664,0.014724089233311713,0.068564039,0.088043835,0.041663368,-0.068523277,-0.052393475,-0.007849252,0.008277108,-0.030118987,-0.051036888,-0.02475491,0.047845592,0.07413639,0.011539251
1873,-0.138162691,-0.090126566,0.042544402,0.090580358,-0.023790965,-0.016231032,0.007332823,0.072384681,0.095927343,0.039873386,-0.077507899,-0.059041688,-0.00804492,0.010417562459833704,-0.03354073,-0.071610486,-0.038143281,0.054294636,0.087765232,0.008073336
1874,-0.087643268,-0.054394172,0.037436622,0.070685687,-0.008478753,0.000505669,0.021719351910159126,0.080256285,0.10143141546620102,0.051014438,-0.037666814,-0.022184255,0.020577096653246304,0.036059653588115234,-0.000803577,-0.06193225,-0.037971332,0.028204051,0.052163237,-0.004882444
1875,-0.144432794,-0.078204854,0.1047104622694025,0.17093844068179712,0.013252777795143247,-0.015138575,0.006636068,0.066748719,0.088503926,0.036705813,-0.036241814,-0.016070221,0.039642379,0.059814394,0.011785788155776678,-0.106265577,-0.061506594,0.06211346,0.106872447,0.000303431
1876,-0.118063815,-0.062375576,0.09143011,0.14711840327060918,0.014527229446278057,-0.027102802,-0.002136775,0.066798846,0.091751717,0.03234012,-0.029428939,-0.009386224,0.045971257,0.066014993,0.018291811278173628,-0.094769834,-0.056397211,0.049583592321023245,0.087955689,-0.003406446
1877,-0.119052812,-0.08445404,0.011103703,0.045701917,-0.036674783,-0.021818925,0.000493231,0.062098232,0.084396593,0.031305256495307784,-0.038864653,-0.021873485,0.025054518,0.042045696,0.001590511,-0.087685007,-0.061208157,0.011863187030859874,0.038300068,-0.024644887
1878,-0.076154734,-0.043335653,0.047307525626577064,0.080126608,0.001985935,-0.031289046,-0.011821944,0.041939282043278826,0.061402724,0.015061195116124002,-0.055871274,-0.036630968,0.016508479369645133,0.035748463,-0.010061022,-0.051499828,-0.026393779,0.042953298,0.068064097,0.00827648
1879,-0.035217384,0.012361871728779672,0.1437737830229857,0.19135487675205945,0.078066558,-0.028173146,-0.012248903,0.031729754,0.047652126,0.009741718,-0.044342727,-0.028594567,0.014900099194448898,0.030648077,-0.006847108,-0.033584879,0.003565557,0.1063659955453603,0.14365725589996323,0.054868541
1880,-0.082636732,-0.02245168,0.14377491390307284,0.2039608434377908,0.060661011,-0.017057667,-0.000180732,0.046418012,0.063284995,0.023125512,-0.051039789,-0.027541883,0.037357182,0.060855151094795425,0.004907606,-0.068152398,-0.024611253,0.095714862,0.1393064194225333,0.035516995819708325
1881,-0.127352019,-0.076578486,0.063653158,0.11442667889305858,-0.006462656,-0.02597498,-0.00667852,0.046607503896698765,0.065897475,0.019968972554539118,-0.031670429,-0.012603276,0.040059218,0.059126975,0.013727553137348641,-0.098181242,-0.062699687,0.035284266,0.070756608,-0.01370135
1882,-0.090586544,-0.056585029,0.037323864,0.07132534,-0.009630556,-0.012442194,0.006101111,0.057292433079599074,0.075818707,0.031708531522195105,0.002068665,0.015603974,0.052994552518293395,0.066535178,0.034295593,-0.091463975,-0.065669562,0.005487887,0.031221281987256412,-0.030048706
1883,-0.133609405,-0.068631316,0.11083211382220748,0.17581030131130335,0.021100331099170363,-0.034191784,-0.018304308,0.025575025727529423,0.041462240105125295,0.003635539,-0.024940211,-0.007127225,0.042071995,0.05988603,0.017471661370959738,-0.102183875,-0.058685801,0.061451842,0.1049499927072596,0.001382968
1884,-0.05919927,-0.008273096,0.13238164512170586,0.18330890423208102,0.062053525,-0.357524601,-0.294758069,-0.121104313,-0.058121574,-0.208080477,-0.014805391,0.001652923,0.04711227,0.063572794,0.024381070996932368,-0.061420953,-0.026023671,0.071775726,0.10719869764165679,0.022858288
1885,-0.139933028,-0.068817204,0.12759817074668156,0.19871416934821673,0.029390363,-0.278487405,-0.229480866,-0.093898238,-0.044724254,-0.161805169,-0.022521143,-0.000735824,0.05943649,0.081224228,0.029348662688112287,-0.116020474,-0.067947993,0.0648235,0.11289589308573385,-0.001562185
1886,-0.136475867,-0.073255732,0.10135232131537869,0.16457250100798634,0.014048263644634771,-0.214845198,-0.174657479,-0.063509847,-0.02321135,-0.119160153,0.025313124668676933,0.044866990420996816,0.098895216,0.11846523825520142,0.071869948,-0.147811756,-0.102951319,0.020858769209700694,0.065653914,-0.041001192
1887,-0.105824832,-0.069499207,0.030828506095981433,0.067153983,-0.019335248,-0.152207894,-0.122329459,-0.039712806,-0.00976539,-0.081068762,0.021254705123052005,0.03504161,0.073137644,0.086937522,0.054080668548412994,-0.122056401,-0.091812241,-0.008480342,0.021619286743526735,-0.050046497
1888,-0.096874096,-0.051580782,0.073515092,0.11880844456898065,0.010967128862764812,-0.07242107,-0.055893251,-0.01021632,0.006332259,-0.033069121,0.015577400818434457,0.035569664,0.090803254,0.110807729,0.063178027,-0.118920174,-0.084484128,0.010529634,0.044896658,-0.036929589
1889,-0.04332952,-0.008093215,0.089227031,0.12446400653208647,0.040566445,-0.069410293,-0.053944071,-0.011198091,0.004289672,-0.032585954,0.023967376081145166,0.042088560388577376,0.092158539,0.11029492526176049,0.067113053,-0.084060605,-0.057437062,0.016056018,0.042651602076674226,-0.020671218
1890,-0.089088763,-0.046231108,0.07213773,0.11499544112361544,0.012953272379852322,-0.084692893,-0.063809477,-0.00610609,0.014795704,-0.034970473,0.016302344,0.040183703395334655,0.10616067581401782,0.13005574520546997,0.073162723,-0.126061839,-0.091009403,0.005677425,0.040639589,-0.042603659
1891,-0.084284584,-0.053244217,0.032486252042407536,0.063526569,-0.010378948,-0.113651295,-0.0902237,-0.025456993,-0.001984558,-0.057871308,-0.004272509,0.013044501378939848,0.060879097922261774,0.078200934,0.036958468,-0.093491059,-0.067825353,0.002962511,0.028556983986346596,-0.032382236
1892,-0.111550956,-0.06451885,0.065379348,0.11241145389250978,0.000430249,-0.082056746,-0.063843795,-0.013505746,0.004732995,-0.038692578,7.601923116077464e-05,0.015779249705600847,0.059157628,0.074866326,0.037464663,-0.104892411,-0.0716724,0.020029916174171016,0.05321503,-0.025797146
1893,-0.147827573,-0.067350661,0.15491937560891472,0.2353966288715601,0.043784121,-0.045580748,-0.030888652,0.009692831,0.024387327,-0.010599568,-0.011809882,0.011996187744501743,0.07775343,0.10156467448012511,0.044871236,-0.132178554,-0.077976927,0.071722371,0.12592368368387896,-0.003127061
1894,0.00696362,0.038513517018734976,0.12565555886123386,0.15720851984104622,0.082082422,-0.043316371,-0.029971001,0.006891967,0.020240470302760653,-0.011541681,-0.000689576,0.026737221368835946,0.10250028268789896,0.1299363918762328,0.064612322,-0.058237401,-0.030537719,0.045971329,0.073674751,0.007714222
1895,-0.03905003,0.003202303,0.11990099881930905,0.16215461829395664,0.061550762,-0.060383107,-0.040625942,0.013945370621746013,0.033705363770462224,-0.013342239,-0.004388368,0.015833093,0.071690842,0.091918095,0.043757967,-0.063779402,-0.033190888,0.051298111458577746,0.081891287,0.009050393
1896,-0.055095155,-0.021905014,0.069763336,0.1029537241619613,0.02392899,-0.028785882,-0.015378872,0.021649693,0.035056472,0.003135569,-0.012294853,0.010419706920180849,0.073161653,0.095880916,0.041787432535976186,-0.077662595,-0.050808381,0.023343535814662794,0.050185536443628075,-0.013723989
1897,-0.014470716,0.018615236529884782,0.10999796339298851,0.1430857094325437,0.064305362,-0.041483631,-0.022164488,0.031192684949316304,0.050511496,0.004514327,0.005825034,0.029553254030560402,0.095102166,0.11884039914173024,0.062320796,-0.06568029,-0.038976726,0.034775580426374075,0.061478858,-0.002100374
1898,-0.031207978,0.005994551,0.1087461455829396,0.14594994393168265,0.057369471672770615,-0.036955186,-0.016447589,0.040189461518443485,0.060694900680686496,0.011872426,0.007949678,0.029373781764270978,0.088558823,0.10999285235410235,0.058959448886533074,-0.070916351,-0.042900751,0.034474146,0.062488644,-0.004212541
1899,-0.021829534,0.022177975443678354,0.14372562455190058,0.18773537784813363,0.082950251,-0.054435279,-0.034940222,0.018904699974544872,0.038400793,-0.008018476,-0.001444407,0.023241723,0.091433713,0.11612798865319901,0.057332094,-0.065649435,-0.032474786,0.059163325,0.092347308,0.013337823672479827
1900,0.008233287,0.042461986173010294,0.13700305309579128,0.17123512693232654,0.089730189,-0.046157775,-0.0242352,0.036312142,0.058234194340471154,0.006038832,0.012611503641323109,0.0352178,0.09767073,0.1202889699579087,0.066436019,-0.052940928,-0.025937314,0.048655573,0.075667497,0.011353392007795202
1901,-0.065395723,-0.011903983,0.1358365301216798,0.1893292998049014,0.061965562463897506,-0.047737121,-0.024992025,0.037826977,0.060571504,0.006417869,0.045724606,0.068735935,0.13232811062761254,0.15536628780124376,0.10051348500688373,-0.122873188,-0.083942893,0.023522584305528532,0.062412117751412116,-0.03018201
1902,-0.067837407,-0.027024091,0.085698819,0.12651243763974207,0.029337155291019996,-0.041112319,-0.021275524,0.033510998,0.053347202,0.006118147,0.037847656312178776,0.060016044,0.12127431019923103,0.1434653567804389,0.090629532,-0.124279552,-0.090664765,0.002035848,0.035549091,-0.044244344
1903,-0.120448107,-0.066461231,0.082645405,0.1366322993685913,0.008092075,-0.206083275,-0.167611956,-0.061210328,-0.022632192,-0.114484896,0.041768773,0.065063644,0.12943613590020198,0.15275582695107465,0.097232753,-0.165954798,-0.122493268,-0.002672976,0.040631912,-0.062474965
1904,-0.207958778,-0.110787192,0.1575915882067361,0.2547632557977123,0.023402142485864134,-0.152415026,-0.122047848,-0.038085059,-0.007651597,-0.08011222,0.033485747,0.061637294,0.1394194985712165,0.16759299571348535,0.1005132406128452,-0.216349585,-0.148554179,0.038583197,0.10630106372702429,-0.054931953
1905,-0.192107366,-0.092595599,0.1822468252406962,0.28175888215034467,0.044825413,-0.111887781,-0.08578769,-0.01366064,0.012469201754177886,-0.049744706,0.027426941528709982,0.052150895,0.1204615410008425,0.14520391671047664,0.086293498,-0.190472445,-0.123614265,0.061006454,0.12783913876734412,-0.031286302
1906,-0.125407086,-0.080566705,0.043278005,0.088118275,-0.018644273,-0.065399626,-0.038852118,0.03446965,0.061017215179098847,-0.002191273,0.035582598,0.05705254,0.11638004344416017,0.13787139752401695,0.086701507,-0.168478531,-0.128085766,-0.016836862,0.023329923530424623,-0.07230528
1907,-0.106427737,-0.042387362,0.13448671006150825,0.19852756000489746,0.046049346,-0.107918592,-0.078357092,0.003309612,0.032886070675087815,-0.037534069,0.046159099,0.074130538,0.15142337739177475,0.17942261502745577,0.11275776351392951,-0.163442985,-0.115342662,0.017386124588622175,0.065399751,-0.048918407
1908,-0.071837032,-0.025511625,0.10243537125879335,0.14876123690192175,0.038461557,-0.073891097,-0.044811169,0.035505146,0.064585308,-0.004653173,0.063788951,0.094393402,0.17897150883287719,0.2096132734173033,0.13665669107343165,-0.173210649,-0.130038816,-0.011079147,0.031892228,-0.07042057
1909,-0.128446096,-0.06475166,0.11116647416776307,0.1748610316479388,0.023207323361806066,-0.061616006,-0.034188685,0.041562745945267314,0.06898991,0.003687138,0.086999052,0.11053597391829634,0.17561607763945875,0.1992061277518564,0.1430393417699572,-0.20869428,-0.156596835,-0.013040137,0.038817269,-0.084652744
1910,-0.080307949,-0.020169648,0.14592791739818367,0.20606716259752444,0.062878484,-0.049234268,-0.026240762,0.037264539,0.06025763,0.005512175,0.073450929,0.1025650369755661,0.18303454365151656,0.21219145791935407,0.1427702334721219,-0.172012929,-0.124549345,0.006363956,0.053699658,-0.059004395
1911,-0.124903527,-0.061427755,0.11388649780415029,0.17736242564330196,0.026229264121512316,-0.040965905,-0.017117238,0.048745960659956476,0.072591334,0.015816635,0.058712608868268505,0.083570842,0.15227412934108037,0.17716655290513963,0.11789887775261759,-0.182221875,-0.133079792,0.002437545,0.051428706315055014,-0.065216916
1912,-0.151646443,-0.053086306,0.21912878986192025,0.31768992985186517,0.083020549,-0.113884386,-0.089253348,-0.021171098,0.003498804,-0.055239058,0.10146229835391195,0.1206433728717163,0.1737148645474521,0.19296487020862887,0.14713152339630325,-0.207144104,-0.140770775,0.04245862,0.10876864721495644,-0.04911237
1913,-0.191742029,-0.082141975,0.2205638021520588,0.3301644832789258,0.069210481,-0.151610857,-0.117139719,-0.021872939,0.012642211799475514,-0.069536719,0.10554582401126783,0.12858456361549941,0.19230958811715584,0.21541655591067546,0.16039996592610492,-0.246401199,-0.171140809,0.036576809996332504,0.11173262740275111,-0.067209795
1914,-0.131262401,-0.072462535,0.08993712,0.14873700446458823,0.00873728,-0.105953765,-0.07474426,0.011467331006394695,0.042686909,-0.03164542,0.092495201,0.11697084170262581,0.1846486158373165,0.20918101814850013,0.1507705364552058,-0.225131682,-0.172290831,-0.026799671,0.025715146643568762,-0.099320132
1915,-0.131159749,-0.080037191,0.061158409,0.11228094105870921,-0.009439374,-0.058150637,-0.037502032,0.019529144924221413,0.040178978,-0.008987291,0.094666494,0.12259846638791295,0.19982241312704718,0.22781122986602043,0.16117119001132224,-0.248507276,-0.193788395,-0.043276718,0.010995615281009966,-0.118224226
1916,-0.149316983,-0.066066216,0.16386504333623275,0.24711622252487675,0.048899129,-0.056088015,-0.035946775,0.019682834562590047,0.039825105,-0.008132682,0.11760406701276244,0.13955198917876468,0.20028093546333506,0.22230914681374583,0.16986102455086305,-0.23527396,-0.172927513,-0.00102381,0.061111735,-0.086830039
1917,-0.013855416,0.057644686,0.2551279342991183,0.32663294359048595,0.15638292146818192,-0.077447762,-0.049213169,0.028769693,0.057005448,-0.01022254,0.10989602275123157,0.1371213833422659,0.21240985845376242,0.23970373846070836,0.17471830987274187,-0.138734312,-0.089381252,0.046905244,0.096242405,-0.021227027
1918,-0.103399304,-0.017010952,0.22158784570518947,0.30797793462052153,0.10228724672687375,-0.048027167,-0.02002116,0.057323376085060836,0.085325482,0.018653802,0.11769099872484264,0.14430675652310485,0.21792087374447214,0.24461189048582072,0.18106185062546695,-0.206322014,-0.145018191,0.024154114,0.085354374,-0.060360531
1919,-0.118219103,-0.042477585,0.16671428324059656,0.24245653206837633,0.062117844383186425,-0.028549947,-0.001757218,0.072221644,0.098999814,0.035242265,0.14626190304865694,0.17170462724619986,0.24211680454476942,0.2676622087358458,0.20683981780471153,-0.251268153,-0.189449705,-0.019135415,0.042377175,-0.104081373
1920,-0.031540718,0.021806937721869868,0.16915146739026754,0.22250157474935225,0.09547751,-0.01837783,0.002442333,0.059925371,0.080730855,0.031193987526846188,0.15649073334725233,0.1824499338105576,0.2543015508858579,0.2803728317529425,0.2182983534979792,-0.205617174,-0.157329086,-0.024372363,0.023618554,-0.090645535
1921,0.005609853,0.048345407,0.1663822833937717,0.20912170797606638,0.10736117325631715,-0.023184493,-0.000546858,0.061958060909329926,0.084582608,0.030714638410770007,0.1032986855936102,0.1359439830986479,0.22619192537354385,0.2588985860675687,0.18102558441512856,-0.151261486,-0.111704771,-0.002651279,0.036761776,-0.057078832
1922,-0.001747784,0.0601237,0.23101363172943973,0.29289002947859216,0.14556527293299112,-0.024060082,-0.000541059,0.064397435,0.087902837,0.031937592,0.10115992037050889,0.1299004948393985,0.20936368951360756,0.238165428,0.16958985958215084,-0.130319661,-0.085917704,0.036683495,0.081061716,-0.024600714
1923,0.012773328163269052,0.061127971,0.19468559144967434,0.24304508817892184,0.12790342929976112,-0.037168306,-0.016039688,0.042312,0.063438052,0.013137926827162779,0.1341860783012232,0.1620303044750932,0.23905518174024123,0.26698759082734047,0.2004818549056756,-0.153292694,-0.113032552,-0.00203523,0.038082,-0.057435213
1924,-0.07834494,-0.00522434,0.19673027712444738,0.26985267602022917,0.095751726,-0.038142879,-0.012435752,0.058555911,0.08425654,0.023064565920921872,0.13531848964323134,0.17292347179451947,0.27689833060160474,0.3145854875864818,0.22485416143201262,-0.241942966,-0.180240365,-0.010176298,0.051270943,-0.095032012
1925,-0.059088772,0.001594314,0.1691975969098774,0.22988240643608052,0.085394765,-0.023051693,0.005399665,0.08394916,0.11237847097340478,0.044689636081009725,0.15718539259347525,0.18755226958537335,0.2715689755970007,0.3020417822686948,0.22948748066942315,-0.237586366,-0.181859633,-0.028423978,0.026957866605848105,-0.104903667
1926,0.004121582,0.047184266,0.16612453039856392,0.20919100392792042,0.10665178123897637,-0.027133697,-0.001766509,0.068276329,0.093629818,0.033264369,0.1741597389163681,0.19975781376217794,0.27063924735894856,0.2963691071866623,0.23510753616829624,-0.201465448,-0.156822239,-0.034011711,0.010276841191888236,-0.095172093
1927,0.005135904,0.059110213067195855,0.2081886719916345,0.2621677294718328,0.13364616404278915,-0.030567271,-0.004766575,0.066476481,0.092265583,0.030862958076007446,0.174688296,0.21004736209771013,0.3078656196604559,0.3433404646201446,0.2588765480494572,-0.217458824,-0.165769458,-0.023423977,0.027964419,-0.094388905
1928,0.020605363252357928,0.075497839,0.22711389240614627,0.2820123518596871,0.15130173411316136,-0.034643522,-0.00552019,0.074897753,0.10400810381148637,0.034697745573258214,0.1471670353043838,0.18742821021410652,0.29874955627919725,0.339100391,0.24302697556562836,-0.190614026,-0.140807519,-0.003497587,0.046127236,-0.072027105
1929,-0.017554327,0.065227079,0.29386915669958596,0.3766561507968228,0.17954426,-0.043371698,-0.01841051,0.050525433584645896,0.075483377,0.016059702059104165,0.15531215054864767,0.18959059680616053,0.2844025701232173,0.3187810700608145,0.23692749878082114,-0.19121337,-0.131759308,0.032347371,0.091729182,-0.049656081
1930,-0.062347751,0.034002866,0.30011983270571185,0.3964746057638009,0.16705847943501742,-0.046174117,-0.013903292,0.075213022,0.10747469992251822,0.030661182,0.15100093732438255,0.18312698615921782,0.27199198102218036,0.3042164457088008,0.22749152978827605,-0.210742978,-0.143694016,0.041395139180369696,0.10837625460362857,-0.051102592
1931,-0.04654651,0.020371883,0.20519787738305711,0.27211899775692544,0.11278299686676281,-0.036212353,0.000471249,0.1017569584608764,0.1384181796370675,0.051129558,0.1610074086525649,0.19728451808565722,0.2976207772507235,0.334000959,0.2473814787313561,-0.240298117,-0.1812801,-0.018684564,0.040039015,-0.099779029
1932,-0.008518602,0.054346751460500206,0.22798115132089777,0.29085105284960294,0.14116081111459064,-0.038336792,-0.01250557,0.058828796,0.084653494,0.023166117721657723,0.17709238183970166,0.21412646363947263,0.31657136769948624,0.35372152677075963,0.26526876707725155,-0.227476551,-0.171422533,-0.016986731,0.038792074785521005,-0.094014605
1933,0.022004729381835147,0.082345722,0.24901081091508465,0.30935833045970784,0.16567376011536689,-0.044414064,-0.021537948,0.041641788,0.064516517,0.010052877635149355,0.1655336561521688,0.19818173848227696,0.28850553303611154,0.3212643364174008,0.2432671855095692,-0.177835273,-0.129591972,0.003453518,0.051553503,-0.06297027
1934,0.058519888,0.1019435763106174,0.22188762823147307,0.26531997778138083,0.16190962171017187,-0.051594054,-0.022405186,0.058206926,0.087392346,0.017903250315324575,0.18377050570827114,0.21671208219702137,0.3078695847109427,0.3409386134908941,0.26220283068148603,-0.180884137,-0.13790978,-0.019565042,0.023158515704957222,-0.07856424
1935,0.021631016,0.066700188,0.19118425690412905,0.23625872148724436,0.12893856771792211,-0.032341269,0.000753469,0.092129701,0.1252039588157142,0.046455726,0.17988392889423707,0.21810274060978682,0.32382143429572735,0.3621575386975828,0.2708811,-0.228515125,-0.176959963,-0.035093124,0.016082874678424175,-0.105764741
1936,0.041859419,0.096012441,0.2455886053139331,0.29974935675619063,0.1707951866555774,-0.00636525,0.01893154,0.0887491,0.11400985293344695,0.053865202,0.20594302883101145,0.2353322616875447,0.31672081637321375,0.34626812311664773,0.2759173927751382,-0.194692755,-0.147532325,-0.01762684,0.02928222,-0.082406017
1937,0.040064072,0.10655918215541016,0.2902240717532531,0.35672767444407416,0.19838576327545257,-0.022697758,0.011673429516069013,0.10655923801784917,0.14089846369694542,0.059138403,0.20060351254507597,0.23498139695779274,0.3301255268368073,0.3646451157847562,0.2824556182896397,-0.19408345,-0.141652788,0.002935471,0.055206651,-0.06924854
1938,-0.07870691,0.031056403358277834,0.33421824245371795,0.4439859160715701,0.18263431221954113,-0.018142996,0.015679496685741375,0.10904408000134669,0.14283042367607707,0.062386748,0.194936091,0.23181845297406511,0.3338668538350269,0.3708816097427682,0.28275123853386036,-0.266373475,-0.187913328,0.028591964300535774,0.10691151163240138,-0.079563601
1939,0.004285686,0.051023066016150614,0.18011292165700105,0.22685440216892802,0.11556516285481613,-0.018865541,0.012850481319094366,0.10040322313748729,0.1320874619795319,0.056648798,0.2262829434527156,0.25502047207457723,0.33464533867240637,0.3635671962075935,0.2947056306476242,-0.262796105,-0.207411649,-0.055192886,-0.000349962,-0.130928353
1940,-0.026444895,0.032487163,0.19525625518344925,0.25419147040660606,0.11386952939908986,-0.02292589,0.009099357,0.097511523,0.1295088804066873,0.053324696756015644,0.23250316234469598,0.2617452853349892,0.3427721466439975,0.3722046473602276,0.3021272647025369,-0.283852363,-0.222250664,-0.052850342,0.008217158,-0.137181652
1941,-0.056179015,0.010019286480477951,0.1928557697766059,0.25905630125288465,0.1014359882141257,-0.001662335,0.033209195,0.1294386539605089,0.16425052631981624,0.081365116,0.20594032378852958,0.24123068591318822,0.33890020334947907,0.37433604350627236,0.2899649955139073,-0.293908138,-0.22787958,-0.046197977,0.019336005,-0.136697285
1942,-0.034335798,0.028410345,0.20171339635565377,0.26446256666066015,0.11505978022016886,-0.013554161,0.027591181296613962,0.14115556486846148,0.182246501,0.084410939,0.22193286361397446,0.25732898824299827,0.3553130323469105,0.39087087068968523,0.30620935082593587,-0.294272967,-0.229166952,-0.050069388,0.014515936873602975,-0.139258646
1943,-0.07567398,0.032492891071555396,0.33124554555204055,0.43941680386358883,0.18186618883609298,-0.010353969,0.023791550493676754,0.11803426982545899,0.1521334781084843,0.070944887,0.22808122074490447,0.26276348153619616,0.35878713036505056,0.3936392359670672,0.31065803215274185,-0.28860293,-0.209170515,0.009914305,0.089129517,-0.099478131
1944,-0.005898529,0.077587987,0.30817862097327237,0.3916715301745949,0.192878889,-0.002165337,0.028307360000315876,0.11239949296298712,0.14282109916796368,0.070388703,0.23094500048548391,0.2651798321508485,0.35997352651832526,0.39438240456734036,0.3124565044506377,-0.248199712,-0.183293781,-0.004355339,0.060314844346801996,-0.093661783
1945,-0.031279443,0.048806327,0.270001883,0.35009220464900975,0.15940096159915806,-0.008914186,0.022886634,0.1106565865900564,0.14241331819670328,0.066802052,0.2353835791825272,0.2688250605234611,0.36143728953988163,0.39505983610739015,0.3150061538037984,-0.27702372,-0.209781176,-0.024553783,0.042333853,-0.116922424
1946,-0.000262471,0.056993872106837845,0.21513684664866095,0.2723978294891998,0.13606215605934535,-0.004761347,0.026152789247072136,0.11146816565442494,0.14233412979982318,0.068843739,0.2565074225971882,0.2970874708970047,0.4094247479578726,0.45019238304696035,0.353126585,-0.322389098,-0.253526695,-0.064215753,0.004009078,-0.158430996
1947,0.041095812,0.092450429,0.2342972872064612,0.2856593606675247,0.1633687095697545,-0.015653047,0.020486843,0.12024229386035154,0.1563391089631103,0.070394311,0.24017401842649178,0.27356623804410984,0.3660502417498952,0.39962919722956997,0.31967930323034427,-0.247522349,-0.192966789,-0.042901804,0.011210383665432588,-0.117628159
1948,0.09423021,0.16264011434621914,0.3516009001123123,0.4200246684571148,0.25711093430282317,-0.031353216,0.007903082,0.11628260927139028,0.15550803802274715,0.062114160043326025,0.25294900448850993,0.2871664463822001,0.3819471255793586,0.41636396862154185,0.33441910423539134,-0.19237543,-0.140021071,0.004365751,0.056567367,-0.067722195
1949,0.071750925,0.1459406680396661,0.3508621515941498,0.4250638272280681,0.24839317095683403,-0.013120753,0.022956919283327805,0.12253631970427009,0.1585678681366119,0.072778467,0.24690343044630353,0.2848601884182542,0.38994576236475004,0.428085454,0.33727666371285275,-0.2127908,-0.155047176,0.004198735,0.061771116,-0.07530598
1950,-0.019004832,0.076038575,0.3385483715114793,0.4335982653431043,0.2072889943154259,-0.008281821,0.028550965175089926,0.1302053180251471,0.16698430490576188,0.079415289,0.24447070842435442,0.27878710500323967,0.3738269663254144,0.4083325382901729,0.32617641456455737,-0.263154614,-0.192093554,0.003871148,0.074715563,-0.093961615
1951,-0.012968044,0.060333854,0.26279377050724806,0.3361007777659541,0.16156028429284444,-0.00772962,0.027244744547947557,0.12376981102335816,0.15869290857096757,0.075542676,0.2546424090217791,0.2905889051790339,0.3901410584430502,0.4262840525804279,0.3402293046342906,-0.294641337,-0.226789963,-0.040020716,0.027374607,-0.133090448
1952,0.033721339,0.081941726,0.2151309096879851,0.26335786175470616,0.14853178540537032,0.002356968,0.034821039,0.12439889854218883,0.15680155294676582,0.079652376,0.2677346582626575,0.30429361769674806,0.40555605891270036,0.44232507415223055,0.3547797997723968,-0.301259356,-0.238393395,-0.065646816,-0.003420428,-0.151578495
1953,-0.076829156,0.002968025,0.22336342163517645,0.30316290611275076,0.11316413354709767,0.007133604,0.041430144,0.13605414736580612,0.17027843725438185,0.088792033,0.27549069654082414,0.30991118941708634,0.4052899270712178,0.4399367959444991,0.3574442510081151,-0.367552359,-0.287155751,-0.066039638,0.013682317914715775,-0.176131863
1954,-0.070915279,0.027274556874009787,0.29847088584290676,0.39666459830978906,0.16287004481721215,0.004869609,0.034988537,0.11808963774012249,0.14814736870600279,0.076581343,0.3036871508165183,0.3335764340671056,0.4165231224621571,0.4466986825321244,0.3748521109369642,-0.353911677,-0.27093382,-0.042467357,0.039996016173219434,-0.156345349
1955,0.063930284,0.12207276667642211,0.28267072128353066,0.34082330930592286,0.2023647663954653,-0.01463018,0.0204756,0.11737566343195707,0.15243889403961652,0.068955012,0.2828564627272434,0.3223164748271319,0.43160445942949205,0.47128402238648504,0.3768088724888827,-0.279612715,-0.217766288,-0.047636151,0.013715107309150681,-0.132359318
1956,-0.014429359,0.068528707,0.29765899281059655,0.38062285717790106,0.183089847,-0.014652314,0.020538292,0.11767246974376368,0.15282040646645972,0.069134843,0.29633621165621543,0.3310571879654014,0.4273015223531454,0.46227471922129126,0.379005203,-0.32348476,-0.249049747,-0.044160639,0.029772322002867946,-0.146258539
1957,0.016666743897404218,0.090429883,0.2941665807416866,0.3679369124301278,0.19229326555288684,-0.006928806,0.033800374,0.14620411016340346,0.18687073900298598,0.090045432,0.31400269565472927,0.34797756115099565,0.44219914408655625,0.47645370071604065,0.3948952325506016,-0.320934208,-0.249734174,-0.053863683,0.016773534683346858,-0.151410318
1958,0.067655123,0.13171143986245315,0.3086438802938101,0.37271105479511013,0.22017016312534818,-0.002703747,0.039678808,0.1566366395032398,0.1989476871165754,0.098207098,0.3006249368931288,0.3426530271625167,0.4590525045926175,0.5013136910829576,0.40069181848690955,-0.294416269,-0.22853367,-0.047265349,0.018115319906612526,-0.13755294
1959,0.009917328,0.091223551,0.31579368962089654,0.3971072215135906,0.20350357415003328,0.00916183,0.046233436,0.1485105474401693,0.18550167624688135,0.09742756,0.3145055908592358,0.3503246589929054,0.44962912380722647,0.48572018536668593,0.39978908641559197,-0.323767967,-0.24978639,-0.046167012,0.027299924950266924,-0.147621354
1960,0.023193935635669655,0.098614387,0.30692929211104636,0.3823575651301786,0.20276643889414944,0.014963546003551292,0.051566139,0.15253535181355382,0.18904839567869067,0.10211257695217435,0.3273218560300094,0.36533917351402156,0.4707259965094236,0.5090232749875991,0.4178392786109906,-0.338833905,-0.263999336,-0.058145993,0.016085652,-0.16065636
1961,0.005439097,0.071142327,0.25261629327246515,0.3183252456376054,0.1618753590539381,-9.93E-05,0.038809041754920684,0.14617475443802386,0.1850139648085194,0.092539654,0.329193415,0.3735403604495937,0.4963815212121896,0.5409885201335873,0.43478137984454507,-0.395422281,-0.312795191,-0.085741639,-0.003950639,-0.198691114
1962,-0.00954704,0.077764789,0.3189206733057022,0.40623896721972375,0.1983382674244342,-0.000706304,0.032157238500108834,0.12284381925091371,0.15564987,0.077540225,0.3309073975156809,0.3690138444232894,0.4746529540420181,0.5130437934100408,0.42163703300998684,-0.359567116,-0.278328313,-0.054774406,0.025870655,-0.166141395
1963,0.028627049035121477,0.11138900637907424,0.3399818439121228,0.42275263098865357,0.22567932842548521,-0.034753353,-0.007624782,0.067287515,0.09440578,0.029838482781122333,0.32680998846488407,0.3673750245000949,0.47978395215102276,0.5206184844147597,0.4233934075963384,-0.330755114,-0.254760754,-0.045584104,0.029894281971957953,-0.14981616
1964,0.048823464,0.10956827709529575,0.27735187148860085,0.3381055237392827,0.19345397076146864,-0.09734634,-0.072529652,-0.003962761,0.020872438133819712,-0.038258989,0.34453287463267623,0.38794047269659976,0.5082173430802309,0.5519067890872127,0.44788429859439893,-0.372072371,-0.294569934,-0.081612342,-0.004904109,-0.187542759
1965,0.054032482726387304,0.097673529,0.21821726725283272,0.26186651438096137,0.15793973550446458,-0.128038164,-0.098230193,-0.015856075,0.013986177866297626,-0.057066805,0.3408185975123746,0.37911698043106135,0.48530362546237227,0.5238990199801521,0.4320052235092478,-0.377843266,-0.302848778,-0.097002322,-0.022935582,-0.199284961
1966,0.062176290539526724,0.1060722236640998,0.2273211518656086,0.27122616674902467,0.16669041702660548,-0.083614427,-0.058707909,0.010091808803597929,0.035005777,-0.024313195,0.34401444588364505,0.3848834429375067,0.49816096641043783,0.5393205208369746,0.4413215817261728,-0.380741653,-0.304894169,-0.096688352,-0.021766106,-0.200152406
1967,0.082846904,0.12826773316873608,0.25373164891182964,0.29916400021469414,0.19099173520787385,-0.045569658,-0.025992243,0.028078687095618945,0.047656084,0.001043234,0.3672528215415575,0.41004149145716134,0.5286527403776762,0.5717549748527899,0.46913060705490006,-0.38836776,-0.310895188,-0.098221587,-0.021689139,-0.203909255
1968,0.032492625,0.10980573299484958,0.3233491936996962,0.40067100584927096,0.21657145311218826,-0.038118703,-0.017018031,0.041256995,0.062355480971839024,0.012120991542844448,0.3786247932164512,0.42289536621956825,0.5456120126575673,0.5902052181095531,0.48403091941434884,-0.402172276,-0.316361914,-0.080463922,0.0045484,-0.197861891
1969,0.008599203,0.098297093,0.3460450249543127,0.43575080998869054,0.22216560752588618,-0.033980101,-0.010597404,0.053974651,0.077351029,0.021692987063077516,0.41321701174780506,0.4583101267398273,0.5833587735775655,0.6288181269852846,0.520581571,-0.4482607,-0.352268871,-0.088363228,0.00674903,-0.219708727
1970,0.009099141,0.095145716,0.3328087024453548,0.41886291140241294,0.21397193769513168,-0.026068506,-0.001755523,0.065376562,0.089676468,0.031819550060221184,0.3909492523191641,0.43443089383773864,0.5549963213864275,0.5988206791272483,0.49447697022053205,-0.423844289,-0.332685741,-0.082047584,0.008290464,-0.206800126
1971,0.091612252,0.15291309032902148,0.3222384100546083,0.38355245798923043,0.23756662957346344,-0.051993548,-0.022374341,0.059426065,0.089041633,0.018528375,0.39178764430571955,0.43231906223372374,0.5447578418545916,0.5856476091692849,0.48829102032477706,-0.368971893,-0.292691502,-0.083124563,-0.007649584,-0.187351914
1972,0.036768641,0.11108810450609088,0.3163635612456756,0.39069184260256273,0.21371974413378375,-0.03099061,-0.004015301,0.070470173,0.097432622,0.033236316,0.41162701935325174,0.45377953124868176,0.5707238585970198,0.6132551699538346,0.5119901429137994,-0.432693374,-0.343005224,-0.096589345,-0.007838411,-0.21915016
1973,0.12341870295641034,0.1663831632418154,0.28507040281976076,0.328051875,0.22571503696927958,-0.025615193,-0.000573981,0.068567433,0.093594141,0.034006741,0.427141668,0.47287380618002184,0.5997102743616042,0.6458252336438602,0.5360277115432505,-0.42861853,-0.344434487,-0.113422845,-0.030322596,-0.228180331
1974,0.0973127,0.16614212516163515,0.3562620799180918,0.4251057255882747,0.26119228351641055,-0.02316889,-0.004799201,0.045926142,0.064288599,0.020568464225985527,0.44050497394027205,0.4881444888605535,0.6202622881304294,0.6682942830262649,0.5539323904171327,-0.427987842,-0.339739009,-0.097304336,-0.009997026,-0.217871573
1975,0.1785474416370007,0.2264092668001838,0.3586344820143337,0.40652195062691426,0.2925041682160081,-0.063390734,-0.042921279,0.013617952567471933,0.034090700504188116,-0.014653937,0.45786091,0.5029931392049906,0.6282395351752617,0.6738029721063377,0.5653185984609185,-0.390756531,-0.31303265,-0.099683674,-0.022913469,-0.205699671
1976,0.070539666,0.16616084486700747,0.43027586241092974,0.5259103854274652,0.2982091401499999,-0.057877748,-0.035478817,0.026385297,0.048784518,-0.00454696,0.4685928718066805,0.5178435551619011,0.6544555757677741,0.7041308383685307,0.5858564036048246,-0.44855547,-0.35102134,-0.082800003,0.013895111700868268,-0.216331351
1977,0.1907587920436974,0.24168001058656458,0.38235743605576744,0.43330607733542653,0.3119997885743335,-0.046777608,-0.027290221,0.026532087,0.046019476,-0.000379069,0.5128351750834449,0.5658730323465923,0.7130064188602248,0.766513428,0.6391157876147482,-0.462059496,-0.370703821,-0.119972001,-0.029763254,-0.244545984
1978,0.084371071,0.1916716053172676,0.48804678904134513,0.5953627671422522,0.33984853356866385,-0.043660755,-0.017009416,0.056592668,0.083239391,0.019794813577258343,0.5305735162722994,0.5850328836570468,0.7361177949320545,0.7910647426085197,0.6602386767121741,-0.500551269,-0.391696359,-0.092341859,0.015577180312592864,-0.241372912
1979,0.050172347,0.1422925423370258,0.39673537141763937,0.48886687977339477,0.2695061455930247,-0.021071907,0.007510432,0.086418634,0.11497671715233033,0.046981281,0.5383696319965511,0.589269872,0.7305699607371944,0.7819904749097328,0.6595606792608317,-0.558972947,-0.444344054,-0.129475605,-0.01609631,-0.286047012
1980,0.19327661127889595,0.24152827181872033,0.3748337493222676,0.4231136414574257,0.30816151732609687,-0.026603023,0.002561515,0.083083902,0.11222867893143587,0.042836352682185434,0.5622603662789899,0.6132515762919228,0.754854745,0.8064037605912299,0.6836680091669253,-0.516221033,-0.416174591,-0.141726007,-0.043033821,-0.278015218
1981,0.19239218936400415,0.25543122066114543,0.42957588335813407,0.492641608,0.3424851210238644,-0.026373245,-0.000961859,0.069202088,0.094599077,0.034130054,0.5786916741340988,0.6289404530124157,0.768538042,0.819377173,0.6983316238443772,-0.502610713,-0.403314549,-0.130794603,-0.032748738,-0.266191274
1982,0.291462015,0.36062488193393005,0.5517057227464807,0.6209117409256224,0.4561355071657611,-0.036640185,-0.018255259,0.032520957,0.050905015,0.007133449,0.577640078,0.6332221238502773,0.7874969407580692,0.843631141,0.709978283,-0.399275891,-0.316149345,-0.087740481,-0.005467504,-0.201355543
1983,0.26884815108790655,0.3411119973605223,0.5407511489583198,0.6130535848772126,0.44090492792746777,-0.126941143,-0.101405023,-0.030802494,-0.005212644,-0.066140857,0.59992043,0.6578051754651729,0.8184678936293743,0.8769251164884044,0.7377412525383329,-0.450972883,-0.358354123,-0.103936098,-0.012321116,-0.230452026
1984,0.13541088894324937,0.2474177228073679,0.5567985306699272,0.6688260749131794,0.4020938267149602,-0.079183329,-0.058486736,-0.001305986,0.019404171,-0.029905726,0.6336751632706763,0.6904029073134806,0.847954881,0.9053164976224217,0.7687412205154485,-0.560145986,-0.441197507,-0.114230738,0.003589822,-0.276935322
1985,0.2751522319733012,0.34453751251973225,0.5362284110712654,0.6056537812000825,0.44035528089337517,-0.094830573,-0.070970193,-0.005043838,0.018835555400939535,-0.038020144,0.6401603460382287,0.6963140775721394,0.8523012773265893,0.9091037938907287,0.7738597068332541,-0.489438798,-0.391369801,-0.122128201,-0.025229142,-0.255941187
1986,0.26576356209151364,0.34168386533499867,0.5514205389118355,0.6273785165343357,0.44652618886171613,-0.089662633,-0.06473115,0.004143193,0.029086236,-0.030301961,0.6701180843850578,0.7281282768542154,0.8892928197490949,0.9479879859279535,0.8082375902640044,-0.527963445,-0.422099208,-0.131451501,-0.026846709,-0.275905738
1987,0.2357701894692199,0.33822107438640936,0.6212251606449593,0.7237082692253404,0.4797008678434806,-0.059741562,-0.034279998,0.036042401,0.061503955220178326,0.000881208,0.6942380939278275,0.7536624201412652,0.9187739221744604,0.9789130974333365,0.8357245849122029,-0.545076598,-0.431116706,-0.117959356,-0.005150131,-0.273743523
1988,0.3357000328904607,0.4249385732630745,0.6714736283434124,0.7607604726841467,0.5481727480633507,-0.046899366,-0.022500852,0.044883293,0.069280195,0.011192333639337276,0.6838078623611723,0.7469656486860078,0.9223274846547285,0.9861558554106907,0.834183544,-0.461268601,-0.363600539,-0.09514473,0.001586242,-0.228725596
1989,0.3959465760574558,0.470088159,0.6749476997865201,0.7491526813896214,0.5724741537631897,-0.04380446,-0.016517953,0.058837664,0.086119017,0.021163414239963676,0.7039349005833898,0.7685423309380404,0.9479390137432199,1.0132395261095615,0.8577621157135101,-0.449744855,-0.357258074,-0.103195515,-0.01170596,-0.229538233
1990,0.41746927634096564,0.46942681494780963,0.6130401949243445,0.6650785521625774,0.541177702,-0.033920027,-0.012324121,0.047315565577632224,0.068907019,0.017498796405355115,0.7339747323676646,0.7933265632090347,0.958334201,1.0184706602808151,0.8752886153233077,-0.485922569,-0.391800261,-0.133606479,-0.040760876,-0.261821836
1991,0.4153549485641048,0.4755672530114192,0.6419705697114947,0.7022572187366486,0.5587175782005678,-0.081830764,-0.059644494,0.00164831,0.023846484,-0.029006311,0.759317293,0.8226445091354335,0.9986464985770797,1.0627689990650189,0.9100963788556399,-0.514418749,-0.413774221,-0.137619343,-0.038289648,-0.274788922
1992,0.4435919753653941,0.5210431144534112,0.7350566358762913,0.8125808054048425,0.6279994493844825,-0.334740822,-0.274876877,-0.109271221,-0.04921383,-0.192207618,0.7744863064359535,0.8395417726778458,1.0203337155737535,1.0861965528082083,0.929380274,-0.472679083,-0.376526397,-0.112455837,-0.017385014,-0.243744115
1993,0.43284101659001206,0.5135484486767884,0.7365505543440968,0.8173274056715781,0.6250015691775749,-0.288393013,-0.235666877,-0.089824548,-0.036940721,-0.162854595,0.8125817408642703,0.8795477815870218,1.065686183535974,1.133510020086602,0.9720246949660597,-0.52831312,-0.42206704,-0.13035133,-0.025354999,-0.275346262
1994,0.4466111386744496,0.5224101372364625,0.7318625001747824,0.8077359023612081,0.6270849447744803,-0.223473618,-0.180317017,-0.060976365,-0.017713873,-0.120719807,0.8391312698469355,0.9092946997485817,1.1042910547348372,1.1753318818922038,1.0061870553270453,-0.564101669,-0.452248337,-0.145238108,-0.034773689,-0.297784211
1995,0.3911061870691141,0.4976786519448535,0.7920989458456863,0.8987273834498601,0.6448501510589699,-0.1701047,-0.134600535,-0.036452073,-0.000883214,-0.085570973,0.8416249151764937,0.9106901139226062,1.102671987727908,1.172628146,1.0060658645719995,-0.567689446,-0.449505084,-0.124767262,-0.007796649,-0.286298109
1996,0.45931519541160293,0.5406120685612053,0.7652501351204958,0.8466222067207245,0.6528791791011324,-0.109794398,-0.084468583,-0.01447918,0.010876986,-0.049494839,0.8359959321102028,0.9042003012847539,1.0938011525325664,1.162893951502983,0.9983872872877054,-0.528956683,-0.42263138,-0.130701303,-0.025628964,-0.275801201
1997,0.5131973975298256,0.5941601862753381,0.8178936087821774,0.8989446777140313,0.7059659421619982,-0.111377123,-0.084048502,-0.008535447,0.0188178,-0.046308978,0.8467326856528616,0.9166340676873598,1.1109279757105797,1.1817221822446202,1.013164547639762,-0.488319141,-0.389071023,-0.116504496,-0.018376852,-0.252014099
1998,0.5461434421238246,0.6207855544518863,0.8270789655685518,0.9018217371525581,0.7238627571906383,-0.085531533,-0.061482928,0.004951437,0.029010476,-0.02827295,0.875643337,0.9492110092286825,1.153658308981847,1.2281386809913988,1.0508044619210375,-0.509450909,-0.407505236,-0.127628945,-0.026905578,-0.266723117
1999,0.6510081306539613,0.7060625775894547,0.8583375484934187,0.9135511839366581,0.7820901471670405,-0.037199517,-0.020362717,0.026138707,0.042975351495036083,0.002888102,0.9104664817455861,0.9866025692239873,1.1981977474650856,1.275285754575066,1.091742880503684,-0.480657287,-0.387075466,-0.130330939,-0.037994309,-0.257843429
2000,0.6157304972706907,0.676718144,0.8453481365350807,0.9064718629087006,0.7609391810667483,-0.027655748,-0.00123355,0.071721646,0.098129072,0.035254248537392036,0.9384900493710648,1.015669607475483,1.230202228190122,1.308373878189408,1.1222509020006317,-0.544524297,-0.438737106,-0.148522622,-0.044154498,-0.292650033
2001,0.5710533289961544,0.6622411738691204,0.9142282329699581,1.0055137757217365,0.7881672453603593,-0.02557474,0.000982095,0.074306388,0.10084645365360126,0.03765582,0.9412577724122914,1.0184106483464859,1.2328766137598737,1.311026678297443,1.1249550960651353,-0.53814866,-0.428490141,-0.127316238,-0.01888331,-0.277056948
2002,0.6327851805935432,0.7214539160608645,0.9665075664684377,1.055291474399704,0.8439012174204987,-0.036355718,-0.00900767,0.066511917,0.093850468,0.028758680485561596,0.9569211485512348,1.0359307787711605,1.2555411123066458,1.3355596546468993,1.1450393157415337,-0.499179786,-0.396735241,-0.115330796,-0.013999708,-0.255264203
2003,0.7203759361339961,0.7950293349403416,1.0014287913034625,1.0762370677945496,0.8981221237681519,-0.029088831,-0.001970296,0.072908382,0.10001233879272196,0.035479108151574776,0.9941277562549263,1.0744557488554662,1.2977823396568788,1.379173602464258,1.1853848814943073,-0.474489588,-0.379592145,-0.119069012,-0.025311773,-0.248543295
2004,0.6991238145829802,0.7753463604322505,0.9860671735926556,1.0624355614112648,0.8806060666050523,-0.023817523,-0.000977232,0.062087736,0.084915181,0.030564121,1.010597613954667,1.0912610448704456,1.315550686981502,1.397303893456488,1.202653401849378,-0.515188139,-0.412966406,-0.132388187,-0.031432587,-0.271803062
2005,0.7255155943494275,0.789012854,0.9646257635918959,1.0282964724875894,0.8766995465454622,-0.057442779,-0.034397654,0.029250910466147313,0.052296125,-0.002573434,0.9923611242400157,1.0730449902821528,1.2973458252859529,1.3790867018327744,1.184465567197485,-0.489954738,-0.39406783,-0.130965261,-0.036329619,-0.261652576
2006,0.7474800973275884,0.8208104150032696,1.0235712538219077,1.0970677504631714,0.9220760917934961,-0.065679052,-0.041324578,0.025941213,0.050296449,-0.007692209,1.0203227122347394,1.1021729634619721,1.329749870708061,1.4126966902452376,1.2152042627757698,-0.48197834,-0.386194748,-0.123278083,-0.028673746,-0.253922168
2007,0.719989766,0.8135697538935919,1.072216845649853,1.1659330275176503,0.9427992611657523,-0.04272403,-0.019218323,0.045698964345352894,0.069202328,0.013241937789551728,1.034605098337787,1.1174388511440303,1.3477553026877325,1.4317024285855495,1.2318283193050328,-0.495392733,-0.393248164,-0.112639685,-0.01158501,-0.252191379
2008,0.7441155343414403,0.8474096373388964,1.132886023531819,1.2363162001913068,0.990053875,-0.04277965,-0.021950734,0.035575782,0.056403997748344356,0.006813007,1.0505586290463125,1.1374328472836972,1.3788992076805426,1.4668799400753565,1.2574020058019904,-0.485398537,-0.3821888,-0.098477714,0.003758507,-0.239661067
2009,0.7251852154256604,0.8385406582170167,1.1517905888604987,1.2652713027420086,0.9950791268336517,-0.047468073,-0.024812926,0.037757631129373956,0.060412198,0.006472754,1.0544742522487691,1.1396565671435468,1.376479731408056,1.4627900527048194,1.2572892877125255,-0.488589971,-0.382652291,-0.091335945,0.013679591634741278,-0.236357401
2010,0.8228705151274813,0.8809086777257651,1.0415192787890488,1.099785344546936,0.9610566165519664,-0.02689565,-0.007621414,0.045604071,0.064872429,0.018995387684346294,1.056361006634308,1.1398998816723542,1.3722091746524414,1.4568942703930794,1.2552630900582273,-0.474905332,-0.383293964,-0.132014616,-0.041665076,-0.256783027
2011,0.8688954947341063,0.9460614069266072,1.1594704515405443,1.2368421233788252,1.0526238570972037,-0.061876423,-0.038187634,0.027239093749910948,0.050928280059901083,-0.005474544,1.0974687286359188,1.1847920631287405,1.4276085206582398,1.516117793341952,1.3053814298093038,-0.446345359,-0.356695969,-0.110556214,-0.02196647,-0.232894431
2012,0.9023597975048843,0.9906988216874799,1.2349601888134387,1.3235000856530892,1.1126908074634452,-0.052040363,-0.027511611,0.040233752,0.064761986,0.006361428,1.108051376544714,1.1966732963918159,1.4430864069463818,1.5329015671560342,1.3190559476092425,-0.407168345,-0.321778831,-0.087117173,-0.00257928,-0.203859978
2013,0.8296449481416717,0.9537135494543167,1.296581241960193,1.420796142,1.1250463798384458,-0.021767106,3.321442186963661e-05,0.060225552926913783,0.082012788,0.030138419,1.1363083125238633,1.2256674109212327,1.4741778290045389,1.564774550598529,1.3490680706128382,-0.465617386,-0.36112117,-0.073598292,0.030111714600484146,-0.216816872
2014,0.8315049077627357,0.9334088044874818,1.2150818315225016,1.3171480578231147,1.0741332332978455,-0.02179818,-0.001284555,0.05535666,0.075859087,0.027043783,1.1717565132761392,1.2648462048353422,1.5237014691412503,1.6180586931139118,1.3933986360361463,-0.547889352,-0.435520571,-0.126859554,-0.015715185,-0.280344636
2015,0.9284624305510668,0.9893859946526983,1.1580250717952676,1.2192194601072208,1.0735185355549512,-0.026693139,-0.004946401,0.055103469859196466,0.076841121,0.025084809,1.1871755552041825,1.2799006220121092,1.537792254145594,1.631816300261915,1.407949523794484,-0.534248223,-0.432027581,-0.151708078,-0.050938734,-0.290865743
2016,0.9410539517471216,1.010963684442985,1.2043947412938405,1.2745557739037687,1.1075056962610823,-0.025867846,-0.005534371,0.050613909,0.070939534,0.022545189172543743,1.200311035201444,1.2939732251129943,1.5544741104529969,1.649450492684207,1.4233162492765636,-0.519621889,-0.418874459,-0.142499992,-0.043114187,-0.279747055
2017,1.0381293951040638,1.102826066866971,1.2819463590979225,1.3469574851574286,1.1921690897776522,-0.029628766,-0.011785207,0.037492986887381854,0.055333638,0.012855897902416022,1.214199285361258,1.3113100847951165,1.5813265375361323,1.6797448935354231,1.4454154744894923,-0.448226795,-0.361103196,-0.122086948,-0.036129816,-0.240789653
2018,1.0934245495963162,1.1701245120877208,1.3823823328657479,1.4593863095584316,1.2760435079091845,-0.030104625,-0.010764888,0.042643923,0.061979533,0.015942366614174378,1.2485591261679865,1.3462333330598504,1.6178847530612745,1.7169236434118211,1.4811167616248053,-0.403425048,-0.322944578,-0.102013585,-0.022509542,-0.211804882
2019,1.0851548856055127,1.1539388030029751,1.344361722558115,1.4134702641488572,1.248926117504233,-0.025100412,-0.002561338,0.059673738,0.082201444,0.02856405,1.2507486898932971,1.3481081366218903,1.618899880166235,1.717631006349064,1.4825568963899476,-0.428625862,-0.345291684,-0.116669976,-0.034450503,-0.230211153
2020,1.010827592032348,1.126339951846689,1.4456574676502412,1.561375033072955,1.2858570201617316,-0.039990729,-0.014135407,0.057266726,0.083116397,0.021569560471226802,1.2843986120076236,1.3842431302166138,1.6619511336140627,1.7632055144170182,1.522123655362362,-0.479412209,-0.376357987,-0.093015822,0.009108766,-0.234045014
2021,1.0848464114573626,1.1967017869932135,1.5059587575464413,1.6180480848249967,1.3511687341617695,-0.064013531,-0.038763481,0.030975012314876607,0.056225250645494974,-0.003894364,1.294885022270734,1.3968113483538143,1.6802685197982388,1.7836042833818109,1.5375667510399729,-0.424962672,-0.33168597,-0.075129921,0.017375343217980316,-0.202875287
2022,1.1951283885265391,1.2641450401644225,1.4552915954595163,1.5246914148973905,1.3594537495691184,-0.062942707,-0.041820839,0.016519035,0.037643282,-0.012652545,1.3254531865821224,1.4289083630233963,1.716645390587656,1.821551509968777,1.5717750352518223,-0.410696912,-0.331177494,-0.113044198,-0.034605021,-0.221364966
2023,1.1597862238009569,1.2544940806846574,1.5164690480236096,1.6114672019715643,1.3852811211431006,-0.048140757,-0.025784211,0.035961936,0.058318117948397565,0.005089113,1.3502362527554226,1.455714227281204,1.7490743402918587,1.8560295510496545,1.6013742873406167,-0.441274072,-0.350602042,-0.101528905,-0.01183763,-0.225388286
2024,1.1886868040909222,1.3169594286173716,1.671580708537992,1.8001028039540605,1.4940978148681827,-0.041361619,-0.023103949,0.02732189,0.045579483316866114,0.002109023,1.3783334565360934,1.4876583980963372,1.7916646919086168,1.9024822389710585,1.6386309364414355,-0.40963332,-0.313808058,-0.049976752,0.045248242,-0.181477933
