variable,Ant,Ant,Ant,Ant,Ant,Nat,Nat,Nat,Nat,Nat,GHG,GHG,GHG,GHG,GHG,OHF,OHF,OHF,OHF,OHF
percentile,5,17,83,95,50,5,17,83,95,50,5,17,83,95,50,5,17,83,95,50
Year,,,,,,,,,,,,,,,,,,,,
1850,-0.164278772,-0.119981787,0.002360716,0.046656577962236816,-0.058809761,-0.058630106,-0.040385865,0.010007639922525364,0.028255246195549744,-0.015191435,-0.123017322,-0.105104714,-0.055659471,-0.037766903,-0.080368256,-0.059689013,-0.026947796,0.063502906,0.096260473,0.018266266038751998
1851,-0.169634469,-0.136928615,-0.046603272,-0.013901119,-0.091763387,-0.014071346,0.000772179,0.041757383,0.056592798,0.021270380801698158,-0.086469156,-0.067546033,-0.015289123,0.003628966,-0.041414101,-0.097597243,-0.070031897,0.006018727,0.033524523,-0.031965467
1852,-0.157579713,-0.122297395,-0.024854038,0.010426075,-0.073574193,-0.002755871,0.014265409274436154,0.061245756,0.078244726,0.037770987,-0.082038669,-0.060098834,0.000493796,0.022431383,-0.029800966,-0.098892009,-0.069151008,0.012932008613746871,0.042630433549903354,-0.028080102
1853,-0.112444934,-0.085060492,-0.00942889,0.01795438,-0.047243882,-0.017313566,5.600579558403401e-05,0.048016882,0.065377599,0.024042558,-0.113744955,-0.092158279,-0.032551751,-0.01097508,-0.062348107,-0.044668716,-0.020414414,0.046589285,0.070854904,0.013079621633487566
1854,-0.173903583,-0.10643015,0.079924992,0.14739838750476536,-0.013252553,-0.019387967,-0.002728314,0.043274995,0.059928082,0.020277875,-0.116971302,-0.096342788,-0.039385923,-0.01876981,-0.067855793,-0.077349533,-0.028092034,0.10802418079839829,0.15733359685322987,0.039930225294107086
1855,-0.239403196,-0.150977292,0.093246446,0.18167221408111855,-0.02886533,-0.001263347,0.016374396600967133,0.065053588,0.082666293,0.040731281,-0.10459918,-0.086226435,-0.03549813,-0.017136584,-0.06085455,-0.12177046,-0.060388079,0.10916566255473834,0.17056357795667415,0.024378065094922227
1856,-0.164867823,-0.126449402,-0.020344166,0.018072239,-0.073395392,-0.012626159,0.007357653,0.062528572,0.082496114,0.034954346253490295,-0.102395802,-0.081164924,-0.022536974,-0.00131313,-0.051846092,-0.083798919,-0.053680473,0.029493053158434864,0.059603712,-0.012088333
1857,-0.157842605,-0.108221529,0.028826525,0.078447144,-0.039697186,-0.008901373,0.006939407,0.050670871,0.066497702,0.028814770016537875,-0.093401827,-0.071498781,-0.011010615,0.010888114639098459,-0.041251718,-0.084864703,-0.047973186,0.053918201289339454,0.090810103,0.002972242
1858,-0.114943404,-0.064998467,0.072944701,0.12288964322655307,0.003973114,-0.030593054,-0.012669366,0.036831159719016446,0.054752681,0.012082392673544355,-0.081892079,-0.061633612,-0.005685945,0.014569416077028177,-0.033657634,-0.062493033,-0.024945107,0.0788014,0.11638025463094677,0.02690679
1859,-0.063195328,-0.017451508,0.10888947400839535,0.15463395111749612,0.045718529,-0.020162378,-0.000334262,0.05441555,0.07423385,0.027047422,-0.078989903,-0.062187464,-0.015787665,0.001009749,-0.038984095,-0.030813563,0.00684409,0.11105433962878383,0.14885928070429016,0.058847516238798935
1860,-0.113877392,-0.073344338,0.038603948358012896,0.079136895,-0.017370121,-0.004262644,0.0166145,0.074238825,0.09508964,0.045444843,-0.097537243,-0.078842123,-0.027219521,-0.008532756,-0.053025053,-0.048307731,-0.016896632,0.069907276,0.10135417937008617,0.026480599890635274
1861,-0.133252555,-0.091672041,0.023168817,0.064748925,-0.034251332,-0.035023888,-0.018288927,0.027930932354565452,0.044665524,0.004821258,-0.115750143,-0.097478011,-0.047034043,-0.028777784,-0.072245067,-0.047280789,-0.015262836,0.073225683,0.1052856221070897,0.028952433
1862,-0.21777965,-0.145087626,0.055680273399388136,0.12837190153822697,-0.044703404,-0.066616681,-0.047126244,0.006712186,0.026208197707880316,-0.020210877,-0.094206924,-0.075518417,-0.023912687,-0.005231526,-0.04971048,-0.11507874,-0.064355201,0.075739798,0.12646436189119137,0.005691591
1863,-0.206399083,-0.129479959,0.082963196,0.15988221916767176,-0.023258312,-0.042027633,-0.027977233,0.010830555859205166,0.024882347756121345,-0.0085743,-0.066166384,-0.052008748,-0.012912416,0.001241086,-0.032457728,-0.118030753,-0.065220135,0.080640254,0.13345267769499058,0.007708813
1864,-0.123172295,-0.092475931,-0.007697119,0.022998070159049068,-0.050085714,-0.041473244,-0.023635559,0.025630408626132195,0.043468079,0.000997435,-0.075688891,-0.057532263,-0.007389836,0.010763568376353318,-0.032458824,-0.0688809,-0.044298966,0.023584331,0.048159268,-0.010352486
1865,-0.177464093,-0.128347764,0.007305379,0.056420636,-0.060520452,-0.022369345,-0.004413343,0.045170924535875595,0.063120771,0.020383041,-0.093688218,-0.07820758,-0.035467542,-0.019998496,-0.056829557,-0.082597511,-0.047836071,0.04817172,0.082933162,0.000167824
1866,-0.166841025,-0.115922497,0.024708815610564323,0.075626756,-0.045606435,-0.019677275,-0.000949854,0.050761322256634545,0.069479926,0.024911822,-0.043083653,-0.027127911,0.016940205103364893,0.032895857,-0.00509379,-0.115387634,-0.078280861,0.02416083,0.061235972,-0.027038176
1867,-0.110873119,-0.062605514,0.070705024,0.11897263472691214,0.004049752,-0.012026689,0.005346272,0.053310531,0.070670309,0.029337504398424936,-0.058734962,-0.039435253,0.013868054955208445,0.033167293421711395,-0.012783274,-0.072662033,-0.037133423,0.061002089,0.096537126,0.011929894380495052
1868,-0.104689944,-0.065464284,0.042873189,0.082098802,-0.011295515,-0.01727445,0.000765466,0.050576567759028856,0.068606759,0.025677731797073635,-0.043327209,-0.024400707,0.027872503,0.046799015,0.001735892,-0.07991288,-0.050068439,0.03235324,0.062193464301189785,-0.008854688
1869,-0.209479762,-0.134187512,0.073762271,0.1490543470400244,-0.0302125,-0.015221577,0.00494458,0.060621990177290905,0.080773958,0.032793083,-0.048532507,-0.031526463,0.015442319491708713,0.032448152,-0.008041926,-0.139168514,-0.086829322,0.057717576480580145,0.11005027598972021,-0.01455139
1870,-0.139474783,-0.086255424,0.060731314,0.11395062893473161,-0.012762025,-0.018245094,0.000482808,0.052193874,0.070911916,0.026345149708398328,-0.083552965,-0.064505187,-0.011902915,0.007140608,-0.038201112,-0.073390996,-0.034624326,0.072465962,0.11124743197404283,0.018910598233222813
1871,-0.119183901,-0.075995378,0.043287085,0.086475519,-0.016354085,-0.01302018,0.006095187,0.058869712,0.077970382,0.032492597495725487,-0.07826414,-0.063137414,-0.021367892,-0.006247722,-0.042248126,-0.055740455,-0.02417902,0.063017092,0.09459767,0.019405818993147802
1872,-0.0994959,-0.06373105,0.035047945,0.070812713,-0.014341495,-0.004889198,0.014550621440398138,0.068209152,0.087625509,0.041396086703503344,-0.067843534,-0.05188088,-0.007797831,0.008161725,-0.029837216,-0.052206203,-0.025312845,0.04897557,0.075877271,0.011825601675241472
1873,-0.134975142,-0.088047522,0.041561866,0.08848932,-0.023242714,-0.016230057,0.007226037,0.071984942,0.095423229,0.039617784,-0.076740827,-0.05846495,-0.007993353,0.010279168285703931,-0.033226835,-0.073351083,-0.039068954,0.055619444,0.089904776,0.008273033
1874,-0.085618638,-0.053137482,0.036572333487988676,0.069053458,-0.008282553,0.000314584,0.021471009646881475,0.0798584,0.10098249829862115,0.050687026,-0.037314293,-0.021976634,0.020384517,0.035722173427032884,-0.000796057,-0.06344866,-0.038901598,0.028892789045317495,0.053438214,-0.005003274
1875,-0.141100637,-0.076400403,0.10229553398944781,0.16699580548573123,0.012947540018389794,-0.015136207,0.006538502,0.066379432,0.088037812,0.036470242,-0.035898252,-0.015917371,0.039268443,0.059249703,0.011675274645133136,-0.108903407,-0.063033113,0.063656275,0.10952657253124987,0.000311579
1876,-0.115338145,-0.060935378,0.089319956,0.14372277650555035,0.014192252550154433,-0.026993121,-0.002160393,0.066409959,0.091231624,0.032132421,-0.029142164,-0.009291712,0.045534613,0.065385983,0.018120816,-0.097115432,-0.057793112,0.050810704,0.090132527,-0.00349086
1877,-0.116302771,-0.082502939,0.010848225,0.044647511,-0.03582698,-0.021746257,0.000450935,0.06174145,0.083927045,0.031104199915237888,-0.038500944,-0.021668825,0.024819894,0.041652020623261746,0.001575529,-0.089410081,-0.062465172,0.011901601983997024,0.038808495426658346,-0.025255537
1878,-0.07439765,-0.042336071,0.046214961,0.078276542,0.001939444,-0.031105775,-0.011756109,0.041681576,0.061028164297190796,0.014964859825576564,-0.055344883,-0.036286139,0.016351894144159513,0.035410348,-0.009966923,-0.052725904,-0.027018813,0.043987924,0.069699505,0.008481455
1879,-0.034404521,0.012076648417823882,0.14045569575657701,0.18693866410409454,0.07626493,-0.028001256,-0.012175371,0.03153204,0.04735635,0.009679422,-0.0439261,-0.028326163,0.014759150095091201,0.030358922936095416,-0.006783393,-0.032850023,0.004563839,0.10808431164573515,0.14563354987283794,0.056230601713069386
1880,-0.080731944,-0.021934716,0.1404588163046508,0.19925690374718394,0.059261457,-0.016996735,-0.000207722,0.046150378935533254,0.062931025,0.022977105670718482,-0.050561349,-0.027283643,0.037007243,0.060285005,0.004861761,-0.069287845,-0.024899478,0.097763074,0.14219931353188953,0.036398744
1881,-0.12441933,-0.074814878,0.062187877,0.11179231711573906,-0.006313493,-0.025839891,-0.006653986,0.046328119,0.065508566,0.019840836,-0.031367375,-0.012481451,0.039680424,0.058566892156575734,0.013599110844618264,-0.100518648,-0.064198189,0.036103428,0.072415175,-0.014041365
1882,-0.088496543,-0.055279699,0.036462007108301164,0.069678813,-0.00940882,-0.012445308,0.006013901,0.056976716331387484,0.075421616,0.031505188291030405,0.002107575,0.015491719332166753,0.052464064379587116,0.065852998,0.033974584927210706,-0.093047861,-0.066901524,0.005231703,0.031319771454412226,-0.030794677
1883,-0.130525623,-0.067047574,0.1082728815561097,0.1717510258252131,0.020612587,-0.033973528,-0.018187491,0.025411735822115738,0.041197553,0.003612274,-0.024695367,-0.007053914,0.041671402,0.059313798,0.017308093,-0.104718788,-0.060141808,0.062975665,0.10755271755783496,0.001416879
1884,-0.057831746,-0.008081215,0.12932647927349405,0.17907807204197101,0.060621899,-0.356363205,-0.293523773,-0.119717743,-0.056697636,-0.20674551,-0.014642505,0.001651612,0.046657156,0.062953262,0.024153011,-0.062660357,-0.026504106,0.073389639,0.10957023828348467,0.023425954
1885,-0.136701471,-0.067227656,0.12465264046156063,0.19412662619544396,0.028712374448102713,-0.277577827,-0.228517346,-0.092823726,-0.04362331,-0.160767158,-0.022283849,-0.000713557,0.058864542,0.080437011,0.029073990083285896,-0.118897371,-0.069632741,0.066431359,0.11569590550526854,-0.001600634
1886,-0.133326677,-0.071565374,0.099013522,0.16077486846791894,0.013724043637986924,-0.214046968,-0.173873368,-0.062789687,-0.02252338,-0.118395539,0.025254022881143458,0.044550273,0.097864819,0.11717565479066094,0.071197475,-0.150747046,-0.105081111,0.020958114279579526,0.066561963,-0.042018629
1887,-0.103384429,-0.067896081,0.030119154598848806,0.065607357,-0.018888364,-0.151593129,-0.121754536,-0.039263389,-0.009367013,-0.080548861,0.021198622861746917,0.034796548,0.072368907,0.085978551,0.053574636,-0.123453004,-0.093143713,-0.009625113,0.020544582,-0.051288026
1888,-0.094638434,-0.050390655,0.071817548,0.11606536486254639,0.010713421121113795,-0.072065222,-0.05559775,-0.010092089,0.006392814,-0.032856954,0.015566170522826682,0.035314964,0.089874462,0.10963426958813124,0.062587108,-0.12109584,-0.086131142,0.010347155105268888,0.045246051,-0.037846558
1889,-0.042332207,-0.007908118,0.087168841,0.12159358542184333,0.039629909,-0.069077948,-0.053663513,-0.011065343,0.004367172,-0.032376911,0.023910263255236076,0.041791614,0.091197156,0.10909223175543031,0.066484908,-0.085833896,-0.058681012,0.016276023,0.043402372,-0.021184172
1890,-0.087032291,-0.045164126,0.070471834,0.11234005433499102,0.012653816,-0.084245994,-0.063456103,-0.006015083,0.014790248016656848,-0.034746255,0.016300558190036396,0.039895142,0.10507820878471949,0.12868515578199993,0.072478139,-0.128174264,-0.092678775,0.005237223,0.040646422,-0.043661195
1891,-0.082338171,-0.05201414,0.031737879,0.062061861,-0.010138097,-0.113157548,-0.089781509,-0.025167203,-0.001753572,-0.057500313,-0.004179511,0.012953199239527525,0.060278115,0.077415171,0.036612656837912164,-0.095008186,-0.06904243,0.002578403,0.028476009,-0.033184958
1892,-0.108976464,-0.06302966,0.063871037,0.10981784128953957,0.000420689,-0.081665462,-0.063512595,-0.013346214,0.004828298,-0.038444349,0.000135553,0.015666615447758204,0.058568732205130355,0.07410472,0.037114272904234476,-0.107104015,-0.073223945,0.020303843,0.054150791,-0.026437181
1893,-0.144411906,-0.065794034,0.1513415053076932,0.2299597125495942,0.042773505,-0.04530074,-0.03069767,0.009637408,0.024242498136586597,-0.010531526,-0.011642689,0.011916743899001055,0.076992087,0.1005561775311111,0.044451199,-0.13545249,-0.079908341,0.0734989,0.1290427532194135,-0.003204515
1894,0.006800484,0.037623447,0.1227576786464781,0.15358364122003965,0.080188492,-0.043054954,-0.029788316,0.006856514,0.020125787,-0.011467722,-0.000580788,0.026546380782951934,0.10148062121780638,0.1286161778503675,0.06400771,-0.059640712,-0.031271022,0.047088243,0.075461468,0.007906169
1895,-0.038151532,0.00312627,0.11713336658494311,0.15841242785803022,0.060128949,-0.060010334,-0.040373768,0.013863846025029972,0.033502793005297224,-0.013256605,-0.004283783,0.015721726029979517,0.070982241,0.090992967,0.043348382,-0.065311544,-0.033985465,0.052540268,0.083870754,0.00927436
1896,-0.053828336,-0.021402083,0.068156477,0.10058297254407848,0.023377029726319224,-0.028602,-0.015280578,0.021511653923481984,0.034832882180557884,0.003115672,-0.01212813,0.010352159926032663,0.072446427,0.094930951,0.041396370162553195,-0.079455202,-0.051991006,0.023846524719387186,0.051299161,-0.014064258
1897,-0.014139362,0.018183554,0.10745879239669132,0.13978346330650798,0.062819961,-0.04121885,-0.02202304,0.030993576507145036,0.050189108,0.004485461,0.005880857,0.029340796365964393,0.094147374,0.11761633533071174,0.061737855,-0.067307556,-0.039942795,0.035635694785097025,0.063000184,-0.002153362
1898,-0.030489407,0.0058551,0.10623688375035971,0.14258263354613035,0.056045134,-0.036728468,-0.016348096,0.039938044,0.0603166,0.011796228144319909,0.00798443,0.029162222045467246,0.08766562,0.108852357,0.058407744227113846,-0.072663984,-0.043958309,0.035322595,0.064027228,-0.004317138
1899,-0.021331678,0.021662414593098776,0.14041103503651675,0.1834073230812483,0.081035209,-0.054091295,-0.034719101,0.018786259,0.038159325,-0.007967023,-0.001341392,0.023076149782766356,0.090525206,0.1149500838253581,0.056795611912119015,-0.067177682,-0.033222249,0.060571615687825306,0.094535878,0.013668587283568826
1900,0.008039638,0.041480214578002814,0.1338444642663128,0.16728834432466239,0.087660058,-0.045864033,-0.024081117,0.036080614157679936,0.05786309,0.006000052,0.012624970944515312,0.034964592,0.096679366,0.11902975447512092,0.065814545,-0.054163033,-0.026527557,0.049809853,0.077453191,0.011635721
1901,-0.063886209,-0.011629004,0.13270181092608202,0.18496002396870065,0.060535707,-0.047433398,-0.02483313,0.037586,0.060185789878383814,0.006376766,0.045592597,0.06826443,0.13091540001123458,0.15361151049395666,0.099573152,-0.125464213,-0.08576018,0.023845151,0.063510496,-0.030930802
1902,-0.066272717,-0.026401539,0.083719268,0.12359074211619724,0.028658660094130862,-0.040851214,-0.021140533,0.033297804,0.053007987,0.00607898,0.037743059,0.05959925,0.11999224129930837,0.14186890700302893,0.089781608,-0.126220866,-0.092252264,0.001431452,0.035302783,-0.045343243
1903,-0.117666414,-0.064926284,0.080736958,0.13347710587651554,0.007905326,-0.205320845,-0.166861293,-0.060516232,-0.021967291,-0.113750483,0.041651109604988606,0.064613234,0.12806341161514903,0.15104796792612288,0.096322834,-0.168305926,-0.12450802,-0.003750148,0.039897302,-0.064025198
1904,-0.203159213,-0.108230768,0.15395266611229594,0.24888119037305964,0.022860895,-0.151783871,-0.121465737,-0.037653243,-0.007279571,-0.079597837,0.033414009244853035,0.061200710784242135,0.137972293,0.16577880679297863,0.099572822,-0.220848622,-0.151736474,0.039043018,0.10808153749035956,-0.05629589
1905,-0.187673465,-0.090458922,0.1780387770933051,0.275253603,0.043789732,-0.111325649,-0.085327551,-0.013488781,0.0125343,-0.049425415,0.027372795925734265,0.051780285,0.11921440401276115,0.14363851799602073,0.085485866,-0.194913299,-0.126516268,0.062356501398178034,0.13072940711324454,-0.032063226
1906,-0.122513114,-0.078707309,0.042280004,0.086085701,-0.018213577,-0.064980293,-0.038603073,0.034248361,0.060625629,-0.002177389,0.035485057,0.056655100694491534,0.11515146197644646,0.13634085219701716,0.085889923,-0.170101793,-0.129780663,-0.018720139,0.021381869086002717,-0.074099102
1907,-0.10397284,-0.041409976,0.13138333751712672,0.19394666642020464,0.044986359508114394,-0.107304246,-0.077899556,0.003330768,0.032748037,-0.037293079,0.046033279,0.073614466,0.14982575921075617,0.17743206155852048,0.11170277025431968,-0.166525327,-0.117640311,0.017261419,0.066063863,-0.05013243
1908,-0.070178642,-0.024922537,0.10007113434475133,0.14532768788528247,0.037573988979255964,-0.073417872,-0.044524114,0.035277965,0.06417192,-0.00462321,0.063603087,0.093748547,0.1770540451657251,0.2072332552749382,0.13537799311014515,-0.175243906,-0.131951997,-0.012651074,0.030447341265080266,-0.072167933
1909,-0.125486252,-0.063260189,0.10860243315472502,0.17082861440408326,0.022671040000849334,-0.0612213,-0.033969733,0.041296318,0.068547754,0.003663383,0.086771771,0.10984198836118766,0.17362642036601167,0.19674492967168683,0.14170085989626977,-0.21116439,-0.158911939,-0.014915551,0.037105243,-0.086753791
1910,-0.078456686,-0.01970594,0.14255929865600814,0.2013109675575421,0.061426042,-0.048920142,-0.026073396,0.037026659493333475,0.059873057,0.005476873,0.073235148,0.10187867060488412,0.18104288184194872,0.20972516768914223,0.1414340109101101,-0.174842795,-0.126805838,0.005698759,0.053613407002679456,-0.060469089
1911,-0.122021143,-0.060010542,0.11125704199343696,0.17326779510343682,0.025623145,-0.040719099,-0.017016771,0.048442974850426715,0.072142531,0.015715016,0.058540072,0.083007476,0.15062685127132144,0.17512520239413837,0.11679579495885996,-0.185044376,-0.135396786,0.001525447,0.051028438355368175,-0.066835827
1912,-0.148146504,-0.051861638,0.21406934680165332,0.3103551945639888,0.081103176,-0.113357687,-0.08879909,-0.020925557,0.003665646,-0.054884837,0.10127727136176243,0.1199578732259395,0.17163900035993734,0.1903826629721035,0.14575489484789833,-0.211573949,-0.143852281,0.043105581026362076,0.11076719221640383,-0.050331882
1913,-0.187318478,-0.080246852,0.2154756289184414,0.3225478687333633,0.067613964,-0.150868968,-0.116522109,-0.021608332,0.012775475859629473,-0.069090733,0.10531350790532294,0.12781951530700178,0.1900648973269914,0.21263313207771883,0.15889923981408208,-0.251342378,-0.174706934,0.036815587879799494,0.11335162543040694,-0.068877035
1914,-0.128234983,-0.070791508,0.087861924,0.14530541693287666,0.008535195,-0.105326596,-0.074295238,0.011422118949751543,0.04246195,-0.03144241,0.092256896,0.1162401358252187,0.1825508300659527,0.20658567924062243,0.1493598478723612,-0.227026179,-0.174424935,-0.029583105,0.022701112334671536,-0.101785121
1915,-0.128130451,-0.078189074,0.059744219311811085,0.10968557183633253,-0.00922241,-0.057783712,-0.037264958,0.019407312412850562,0.039927099570326044,-0.008929537,0.09440834,0.12181539781287176,0.19758235862580598,0.22504103118067798,0.1596632393833637,-0.249595865,-0.195652261,-0.047270684,0.00623444,-0.121158712
1916,-0.145871649,-0.064541878,0.16008376170447536,0.24141393637726405,0.047770663,-0.055733194,-0.035718972,0.019559598878106987,0.039574688,-0.008080286,0.11739430990097185,0.13876291055836845,0.19788241542428525,0.21932449070427665,0.16827193051382092,-0.238736074,-0.175840541,-0.002408518,0.060284655,-0.088984805
1917,-0.013542632,0.056309983295284416,0.249242887,0.3191003058681686,0.1527731185658791,-0.076956564,-0.048900675,0.028588371430259253,0.056645239197575414,-0.010156827,0.10962515334667529,0.13627763640871426,0.20997537161580482,0.23669021404855553,0.17308344635152997,-0.141999803,-0.091496499,0.047968049,0.098456314,-0.02175384
1918,-0.101014991,-0.016619863,0.2164737908078611,0.3008706193700028,0.099925789,-0.047737804,-0.019903572,0.056967391961486646,0.084798341,0.018534177,0.1174224726623129,0.14343947585856295,0.21539068791399807,0.24147628655099412,0.17936771836767018,-0.210278788,-0.147942363,0.024088762458412183,0.086326601,-0.061858729
1919,-0.115489961,-0.041497729,0.16286275442633888,0.23685570115043145,0.060682018,-0.028437505,-0.001786894,0.071802651,0.09844102,0.03501633,0.14603328954546474,0.1707591697058734,0.23917969480150528,0.26399971212414036,0.20490443278453302,-0.254046462,-0.192146476,-0.021592918,0.040011397,-0.106665543
1920,-0.030817967,0.021299863264254204,0.1652476621213046,0.21736789261729733,0.093272106,-0.018331208,0.002385451,0.059585852,0.080290173,0.030994170635345323,0.15627227694788082,0.1814655393055447,0.25118902652119546,0.27648518594038207,0.21625623494231866,-0.207355564,-0.15928269,-0.026909012,0.020874915902945643,-0.09289634
1921,0.005474209,0.047225917,0.16254539096776835,0.20430088737669788,0.10488303878400852,-0.023099274,-0.000580076,0.061600609951650315,0.084108805,0.030517865,0.10300942970304412,0.13506489272414873,0.22367591537382417,0.2557870549611052,0.17933196070567417,-0.153396288,-0.113537922,-0.003643489,0.036076873,-0.058495417
1922,-0.001717274,0.058730030159248894,0.22568636807724296,0.2861384813490863,0.14220487832088782,-0.023971978,-0.00057596,0.0640258,0.087410367,0.031732827,0.10088875590140349,0.12907674911737282,0.20700603036695775,0.2352495856420671,0.16800302546323528,-0.133290124,-0.08789709,0.037443107,0.082813664,-0.025211472
1923,0.012468925,0.059711367,0.19019705412939109,0.23744424728125169,0.12495093025301215,-0.036942157,-0.015943911,0.042048263321633125,0.063044351,0.013053666536158231,0.1339070822172586,0.16108059470871292,0.23624242412854404,0.26349644328593297,0.19860592148262599,-0.15548772,-0.114904327,-0.003006366,0.037439798,-0.058860593
1924,-0.076542149,-0.005107181,0.19219183158731112,0.26362856129109846,0.09354111,-0.037929537,-0.012374086,0.058200088,0.083750072,0.022916776,0.13496013702813553,0.1718320865291028,0.2737720131747617,0.3107186312447887,0.22275049298281954,-0.245067115,-0.18304305,-0.012078057,0.049700113,-0.097390769
1925,-0.05772648,0.001556202,0.16529165498417497,0.22457602488820355,0.083422763,-0.023011314,0.005302603,0.08347736,0.11177274869862933,0.044402775283639416,0.15688891723714876,0.18647850842133187,0.26833589884348025,0.29802234899947355,0.2273403248185371,-0.239575177,-0.184106794,-0.031371571,0.023761414,-0.107507598
1926,0.004022544,0.04609362,0.16229504941425624,0.2043698354582127,0.10419177344879257,-0.027026322,-0.001793864,0.067879875,0.093100814,0.033050958367648466,0.1739980314892406,0.19874010690123317,0.2672431201863691,0.2921066750843025,0.23290773485112773,-0.202432322,-0.158374481,-0.037171302,0.006538676,-0.097532701
1927,0.005010113,0.057741644,0.20338752674094257,0.25612370461922507,0.1305613763376001,-0.030427649,-0.004768797,0.066085044,0.091734145,0.030664855,0.1743364238217486,0.20882594985618308,0.3042287795895694,0.3388240612931044,0.2564543429513545,-0.21944858,-0.167907286,-0.025958603,0.025290529010845747,-0.096731214
1928,0.020123875010840314,0.07375241,0.2218774032965754,0.275511795,0.1478108626571353,-0.034484357,-0.005521339,0.07445668,0.10340877991426048,0.034475209,0.14678064207181574,0.18624917,0.29537001143453057,0.3349200246530408,0.2407533265137306,-0.193294761,-0.143112718,-0.004755723,0.045251781263662236,-0.073813705
1929,-0.017156858,0.063718464,0.2870959514453638,0.3679767418844736,0.17540343131516462,-0.043109141,-0.018301541,0.050210917656830834,0.075015788,0.015956573521931826,0.1549661083207038,0.18845875087856015,0.2810882307818242,0.3146721081539178,0.2347104953632189,-0.195147397,-0.134557575,0.03269098,0.093212181,-0.050885917
1930,-0.060913246,0.033215576,0.29319603456133847,0.38732892430382154,0.16320299634552846,-0.045922418,-0.013839995,0.074757975,0.10683270268909842,0.030464303756619692,0.15067748265344277,0.18204529116816384,0.2688042057058101,0.30026181806317775,0.22536274102182624,-0.215211003,-0.146817862,0.041988571,0.11031732935585864,-0.05237019
1931,-0.045479509,0.019897225499839702,0.20046522507407316,0.2658446286278736,0.11017938207120581,-0.036089015,0.000405003,0.10117201989718816,0.13764722150230038,0.050801503,0.16064147659915778,0.19610017416767644,0.29416346360650314,0.32971611356265207,0.24506694700039272,-0.24293536,-0.183849797,-0.021054221,0.037746665758608286,-0.102255447
1932,-0.008329918,0.053087814,0.22272388544263422,0.28414606817564414,0.13790277595419198,-0.038122128,-0.012443294,0.058471623,0.084144969,0.023017954553207716,0.17672086686639843,0.21286856108683433,0.3128513704197801,0.34910502088871875,0.2627868054864839,-0.230012316,-0.173873104,-0.019189259,0.036683967822166125,-0.096347525
1933,0.021485848858776413,0.08043861,0.24326934162927566,0.30222849024153325,0.16184956497425332,-0.044135525,-0.021403404,0.041378938684805563,0.064109893,0.009988574,0.1652116239441998,0.19703888367441647,0.28508248579162254,0.31701093793938273,0.24099081377804896,-0.180636178,-0.131872778,0.002617561,0.051243718,-0.064532845
1934,0.05716059,0.099585838,0.21677204021199317,0.2592057658485868,0.15817308576145916,-0.051279565,-0.022270997,0.057843897437231256,0.086849564,0.017788453589545585,0.18346542313199338,0.21550474100747533,0.3041555173195139,0.33631158918723225,0.2597495133117123,-0.182532472,-0.139684475,-0.021678618,0.020925903219251918,-0.080513433
1935,0.021126155079962378,0.065157395,0.1867746383590714,0.23081105815211206,0.1259624395972534,-0.032233686,0.00069057,0.091600452,0.1245074899047868,0.046157399,0.1794994295772882,0.2168152089845555,0.32002564374726006,0.3574484550302271,0.2683465234041151,-0.22988044,-0.178854168,-0.038436559,0.012218886,-0.108389315
1936,0.0408851,0.093791399,0.23992400533973798,0.29283786922929134,0.16685247901606912,-0.006499949,0.018708304229431295,0.088289334,0.11346734373693926,0.053519701240891275,0.20577814362358474,0.23415243309419936,0.31272096883764045,0.3412411362846901,0.2733359756964767,-0.196681019,-0.149544592,-0.019694447,0.027198539855058684,-0.08445143
1937,0.039131215,0.10409538357498624,0.2835317079757568,0.34850418827246177,0.19380780661364044,-0.022707853,0.011508219660720138,0.10597267309035563,0.14016189420110675,0.058758987,0.20030052175242102,0.2336958255362217,0.32610995627134043,0.3596352299164188,0.27981314980908933,-0.197102594,-0.144125415,0.00198153,0.054805932,-0.070966454
1938,-0.076900091,0.030333715049447152,0.32650916946357234,0.43374724372644735,0.1784184954815067,-0.018202724,0.015476759,0.10845435787207353,0.1421034806656085,0.061986521633382384,0.19458006671935407,0.23050076267393182,0.3298775599490411,0.3659193723660941,0.2801055332778726,-0.271406697,-0.191661894,0.028400740316152126,0.10801163834254324,-0.081538119
1939,0.00418238,0.049842246,0.1759559883529072,0.22161986704319891,0.1128963463520282,-0.01889938,0.012678194566850529,0.099855581,0.13140645775298065,0.056285322,0.2262261215028662,0.2538292700082131,0.33030265249638696,0.3580767809652349,0.2919479036584541,-0.263140663,-0.208976402,-0.060120154,-0.006491958,-0.134178137
1940,-0.025841357,0.031733567514434236,0.19075429285044293,0.24833230733794115,0.11124179665342167,-0.022914608,0.008962261,0.096970777,0.12882421266864333,0.052982699,0.2324565320491402,0.26053089623979475,0.3383135966296884,0.3665646361696466,0.2993002563126034,-0.284816478,-0.224239434,-0.057657605,0.002393574,-0.140585422
1941,-0.054888175,0.009784651,0.1884078516097545,0.25308286041136124,0.099094744,-0.001942397,0.03282743,0.12878928527610048,0.16350907720978775,0.080842906,0.20562922947924955,0.23991086093421582,0.3347777240067084,0.3691927865007885,0.2872521615148835,-0.295586283,-0.230277695,-0.050570008,0.014254556573577437,-0.140089644
1942,-0.033545958,0.027753527738008488,0.19706096091739206,0.2583634097145927,0.1124051982926864,-0.013732259,0.027260453875983262,0.1404153558440597,0.18136239947184069,0.083869438,0.22165455557833255,0.25596426899310315,0.350929702,0.38538806055293234,0.30334434942302446,-0.2956552,-0.231419763,-0.054713073,0.009011507,-0.142713683
1943,-0.073933994,0.031739216,0.3236044897051427,0.42928199452563254,0.17766888781018056,-0.010513319,0.023507871,0.1174174787514467,0.1513997976322427,0.070489515,0.2278374501071762,0.26140124577975954,0.3543171927737762,0.38803735871754974,0.3077512493276127,-0.293320592,-0.212943405,0.008763806,0.088933222,-0.101946339
1944,-0.005774156,0.075790436,0.3010727119626876,0.38264356153372847,0.18842725303125016,-0.00240031,0.027981429088640368,0.11183372093338363,0.14217260647823288,0.069937165,0.23072286937138778,0.2638233507122845,0.3554652131071184,0.38872608039696344,0.3095335392306658,-0.251703776,-0.186302399,-0.00598276,0.059192155,-0.095986212
1945,-0.030561619,0.047677347,0.2637720713437893,0.3420154926143947,0.15572163244628678,-0.009071858,0.022615173,0.11008063502504122,0.1417306626900135,0.066373454,0.23519946516779267,0.2674803537233515,0.35686788472725745,0.38931589793314775,0.3120587236334089,-0.27988367,-0.212658582,-0.027463814,0.039417654,-0.119823936
1946,-0.000265851,0.055672844,0.2101764621640883,0.26611969780061595,0.1329215177136453,-0.004965447,0.025848934945227386,0.11089951099124565,0.1416734771089976,0.068402129,0.25619372067821566,0.2955178717973199,0.4043656091023616,0.443862233,0.34982265191417816,-0.323125449,-0.255605098,-0.069989597,-0.003098724,-0.162362709
1947,0.040140675,0.090312556,0.22889259055581918,0.27907176951153384,0.15959753390268938,-0.015762453,0.020233750133173384,0.11960188745550251,0.1555619219352295,0.069942792,0.2400094852722645,0.2722145681161546,0.36140016770936567,0.3937777604329733,0.3166882539481933,-0.248622604,-0.194831034,-0.04686495,0.006491333,-0.120547437
1948,0.092040115,0.1588769187380579,0.3434925428409038,0.41034291546194507,0.2511753616023231,-0.0313022,0.007765442,0.11563072187289933,0.1546724211952581,0.061715994,0.25280809034692375,0.28577073970983163,0.3770651196005196,0.41021219360673045,0.3312905888300378,-0.195429881,-0.142498915,0.003489418,0.056274142422880605,-0.069403773
1949,0.070082968,0.14256503443516388,0.3427697257820607,0.4152634705225793,0.24265931637848753,-0.013261174,0.022679477189905928,0.12189066191459316,0.15779259235233273,0.072311806,0.24662882018536678,0.2833754858365743,0.3850987699412912,0.42201379277970635,0.3341208812596703,-0.216142082,-0.157775924,0.003199382,0.06140155,-0.07717504
1950,-0.018574754,0.074278077,0.3307375205857743,0.42359670049049414,0.20250341500306598,-0.008490544,0.02821613,0.12953412329278732,0.16619565089078664,0.078906299,0.24429253451112842,0.27740194462501055,0.36908822735613345,0.4023723323234093,0.32312446335370487,-0.267245814,-0.195446026,0.002571538,0.07416378,-0.096293938
1951,-0.012677284,0.058935963,0.25673183458260507,0.32835008166276813,0.15783044575761798,-0.007929772,0.026925152237283326,0.12313172370038002,0.15794362695403757,0.075058143,0.254450372,0.28914044837668584,0.3852016622600732,0.4200731543798333,0.3370457921899282,-0.296782653,-0.22941924,-0.043981938,0.022936832,-0.136393573
1952,0.032935008,0.080046107,0.2101713488610213,0.2572888729358081,0.14510429180536333,0.002042674,0.034424081,0.12378733687013518,0.156117253,0.079141263,0.2675735971002781,0.30280613928741046,0.40038324685448023,0.4358099894572949,0.3514606023077361,-0.301433816,-0.240074268,-0.071481081,-0.010755908,-0.155339654
1953,-0.075057382,0.002898703,0.21820909558567403,0.2961674337634256,0.11055234286401724,0.006735888,0.040960104,0.13540051686902177,0.16956418639359466,0.088222116,0.27544527742157937,0.3084802984721283,0.40001009090442174,0.43325526437380946,0.35410008944669585,-0.368997687,-0.289829812,-0.07209155,0.00641311,-0.180502747
1954,-0.069287887,0.026639899917353466,0.2915885512683701,0.3875201324317975,0.1591116058522084,0.004540265,0.034591098,0.11751780490450109,0.1475173459077338,0.076089867,0.3040764376087764,0.3323291593304454,0.41073308392652824,0.43925561794685036,0.37134482266036917,-0.356867622,-0.274277549,-0.046862572,0.035227166669027615,-0.160224591
1955,0.062441847997881106,0.11924777656559853,0.2761539993777695,0.33296981836369316,0.19769405887339878,-0.014743701,0.020223918,0.11675181918135284,0.15168371359370975,0.068512536,0.28265844730580414,0.3207209476978905,0.4261260013323161,0.4643912983996414,0.37328344823934306,-0.280922846,-0.219905685,-0.052053021,0.0084783,-0.135643892
1956,-0.014100025,0.066944974,0.2907913789480237,0.37184205273052257,0.17886425801028719,-0.014766223,0.020285934346049757,0.11704718172907289,0.1520635137070822,0.068691295,0.2963906753892417,0.32959955665096197,0.42164377786858515,0.4550876085230747,0.3754594402980995,-0.325817158,-0.251926928,-0.048525201,0.024875474774329998,-0.149888039
1957,0.016270364095396866,0.088336318,0.28738534185098763,0.3594583357827542,0.18785596927854809,-0.007189243,0.033406568,0.1454558557032262,0.18599918446405148,0.089467449,0.31420852645820346,0.3465451778249776,0.43621747568698643,0.4688159365651152,0.3912005535219515,-0.322502475,-0.252221576,-0.058874615,0.010854355360416762,-0.155167002
1958,0.066083713,0.12866641645464277,0.3015285597927182,0.3641218906844931,0.21509015046598148,-0.003034806,0.039222104,0.15584884114295222,0.19804577446743865,0.097576886,0.3004115181104619,0.3409546606353024,0.45322826369955505,0.49398669580744925,0.39694280983627256,-0.296018332,-0.230896008,-0.051713127,0.012917668806763205,-0.140965179
1959,0.009675706,0.089111713,0.3085162772390872,0.38795943746859196,0.19880905596977116,0.008710986,0.045709229,0.14780173093853796,0.18473254158041197,0.09680204,0.31461443173859704,0.3488167939851938,0.4436309283930397,0.47808707726936583,0.39604862756382736,-0.325964476,-0.25259825,-0.050661412,0.022202486953278366,-0.151282987
1960,0.022645942,0.096330889,0.29985226640754375,0.37354486874596515,0.19808629174972373,0.014431660100522353,0.050982485,0.15182882618017107,0.18830466202405852,0.10145743382432648,0.3273980640260086,0.3637414783895398,0.4644788462119875,0.5010831809612631,0.4139300029867973,-0.340389271,-0.266575962,-0.063527759,0.009693839,-0.164643297
1961,0.005309386,0.069498284,0.24678964000583403,0.31098413851771484,0.15814009444180818,-0.000435676,0.038364537,0.1454469333008552,0.18418914521800012,0.091945784,0.3290158796547662,0.37172879695743655,0.49003001523636114,0.532983497,0.43071330180398126,-0.395689454,-0.315020709,-0.09336622,-0.013526543,-0.203621013
1962,-0.00933255,0.075966783,0.31156415626674105,0.3968698171490964,0.19376110076253605,-0.000981871,0.031788421,0.1222302642925874,0.15495234125801183,0.077042634,0.330999869,0.3674102589964439,0.468338492,0.5050140631079281,0.417691274,-0.36174714,-0.281323904,-0.060004306,0.019838374,-0.170263246
1963,0.027956194021349356,0.1088127370818083,0.3321427429183784,0.41300792822233234,0.22047177273672777,-0.034580481,-0.007604899,0.066887118,0.093854032,0.029647095,0.32676699923268837,0.36568622190481215,0.4735230127504903,0.5126925006907541,0.41943181511869737,-0.333109879,-0.257687527,-0.050073112,0.024846009799901314,-0.153532851
1964,0.047688759,0.10703444591925554,0.2709535276644663,0.33030786592169514,0.1889880129282931,-0.096818231,-0.0721201,-0.003884733,0.020828955056796418,-0.038013159,0.344461513,0.38613929689666526,0.5016105409879589,0.5435498650619627,0.44369433155242977,-0.372238118,-0.296621152,-0.088862566,-0.014033659,-0.192197723
1965,0.052776019405694846,0.095413346,0.21318466509957482,0.2558300180324924,0.15429346343030775,-0.127396009,-0.097703875,-0.015657275,0.014063645966460717,-0.056700452,0.3409635538847109,0.3775034915715257,0.47880633390127864,0.5156236268670435,0.42796340551998424,-0.376583752,-0.304195616,-0.105551671,-0.034094192,-0.204231047
1966,0.060730724,0.10361782185147406,0.2220801774201382,0.26497616416475234,0.16284286239186155,-0.083116691,-0.058353638,0.010048210576358897,0.034817531,-0.024157042,0.34405091446077846,0.3831704651980231,0.4915884193079833,0.5309784215469168,0.4371927019304086,-0.379586022,-0.306310135,-0.105209677,-0.032861095,-0.205119624
1967,0.080921963,0.12529967109304763,0.24788224666275194,0.29227123136263056,0.18658317255339582,-0.045277368,-0.025825587,0.027898357772702057,0.047350124,0.001036395,0.3673318819537097,0.4082439502812873,0.5216426817869922,0.5628469362738906,0.464741568,-0.387232118,-0.312361939,-0.106878373,-0.032950108,-0.208969787
1968,0.031730018,0.10726388202526159,0.31589298600788246,0.39143536958653447,0.21157255154212495,-0.03788456,-0.016914833,0.040999014,0.061966901,0.012043361,0.3786991052104319,0.42103669429514096,0.5383841635975987,0.5810223281457038,0.4795028887454535,-0.403059475,-0.318938986,-0.087694503,-0.004362091,-0.202772596
1969,0.008392513,0.096023991,0.3380644595597393,0.42570366555123984,0.21703888938100055,-0.033792872,-0.010547319,0.053647342718851826,0.076887579,0.021553682741736663,0.4134660169210431,0.4564088566700654,0.5754860496806453,0.6187715221116981,0.5157108734663344,-0.44936205,-0.355197278,-0.096321794,-0.003025009,-0.225160211
1970,0.008882025,0.092945495,0.3251311124870091,0.40920205506318236,0.20903314416753183,-0.025964966,-0.001781239,0.064996727,0.089169457,0.031615337,0.39113964437579907,0.4325982615387104,0.5475452488575353,0.5893241052703247,0.4898506376208261,-0.42501621,-0.335520911,-0.089460673,-0.000774421,-0.211932165
1971,0.089486457,0.14937794045212432,0.31481036743688273,0.3747147792960004,0.23208522725048208,-0.05167764,-0.022241121,0.059055512,0.088488969,0.018409310371889614,0.39215702535415414,0.4306144671348679,0.5372949141375899,0.576088831,0.48372236292728216,-0.368923936,-0.294615814,-0.090489212,-0.01698152,-0.191999835
1972,0.035910832,0.1085190395271631,0.3090679131634335,0.3816847518298854,0.2087875169097618,-0.030854362,-0.004025835,0.070057066,0.096874779,0.033023083,0.41204341665359157,0.45200929776421156,0.5628827904431539,0.6032046109276301,0.507200276,-0.43272572,-0.34530805,-0.105154308,-0.018667545,-0.224588409
1973,0.12055139192909925,0.16253205367152013,0.27850163332481653,0.32049894305547233,0.22050534845867276,-0.025521489,-0.000611282,0.068171496,0.093069508,0.033788527,0.42745022961522017,0.470946567,0.5915745152622026,0.6354294502695281,0.5310129383473245,-0.426816969,-0.345767931,-0.123423504,-0.04346451,-0.233843068
1974,0.09505036,0.16229798064787276,0.34804872512208557,0.41531026398779963,0.25516374287895666,-0.023055466,-0.004788872,0.045653319,0.063913829,0.020436423179171024,0.4407954834806136,0.48613644491548236,0.6118712235717195,0.6575795846120569,0.5487501535636344,-0.42785045,-0.341930237,-0.105919683,-0.020935702,-0.223278514
1975,0.17439862716902127,0.22116702071936076,0.35037152306699887,0.397165011,0.28575194514602004,-0.063001017,-0.042655715,0.013539897056160885,0.033887970027831796,-0.014559823,0.45844361880630224,0.501109907,0.619511295,0.6625839428594901,0.5600300192992542,-0.389522684,-0.314461395,-0.108469688,-0.034364569,-0.21080533
1976,0.068894944,0.1623160129346323,0.4203541431293115,0.513788272,0.2913260604296149,-0.057507832,-0.035252051,0.026216634094588936,0.048472659,-0.004517877,0.46898698610939515,0.5157702326123168,0.6455310225118329,0.6927124859361472,0.5803756682592085,-0.450138983,-0.354194733,-0.090346044,0.00477255,-0.221700293
1977,0.18632571541428516,0.2360842887884238,0.3735497872185686,0.4233351954662588,0.30479850916223433,-0.04647741,-0.027115117,0.026361692802757054,0.045723987,-0.000376714,0.5133203864807793,0.5636432300446063,0.7032384733576077,0.7540018404687129,0.6331366806803673,-0.460371734,-0.372273899,-0.130546401,-0.043600186,-0.250614983
1978,0.082400763,0.1872344794402984,0.47679609216713936,0.5816449233677325,0.3320048490806058,-0.043403042,-0.01691334,0.056243329,0.082729147,0.019667676535179396,0.531101992,0.5827451242339642,0.7260111220439227,0.7781123325836784,0.6540618312985457,-0.502324138,-0.395240388,-0.100757038,0.005405776,-0.247362828
1979,0.048997891,0.13899856295649043,0.38758713659927985,0.4775988804665192,0.26328520459213983,-0.021055057,0.007393514,0.085937611,0.11436580036857946,0.046679635,0.5392159777134953,0.5871692022763175,0.7202908332899335,0.7687360311852469,0.653390322,-0.55856106,-0.447086843,-0.140923644,-0.030693475,-0.293146258
1980,0.1887823285849642,0.23593368924684693,0.3661994060501612,0.41337839203895443,0.30104747301801826,-0.026528476,0.002489384,0.082611009,0.11161225733121388,0.042561665,0.5633212208013058,0.6111805540565206,0.7440945781301525,0.7924833312730848,0.6772720142661031,-0.5134708,-0.417477647,-0.1542412,-0.059614857,-0.284915674
1981,0.1879190263534725,0.24951664567818801,0.4196794767586418,0.4813032178714963,0.3345800247456523,-0.026274161,-0.00099637,0.068801764,0.09406745,0.033911054,0.5799842788143807,0.6269462774784479,0.757427868,0.8049525377675466,0.6917985613478739,-0.500743777,-0.405006381,-0.142322807,-0.047841064,-0.272797596
1982,0.28468688643355433,0.3522739322230822,0.5390012261317383,0.6066304966208925,0.44560842402766826,-0.03640923,-0.018140541,0.032314827,0.050582784969227315,0.007087648,0.5784741438077754,0.6309162482274123,0.7764763044560964,0.8294397579951618,0.7033362971878632,-0.399437877,-0.318341844,-0.09553205,-0.015283059,-0.206352085
1983,0.26259984261944774,0.33321439680296433,0.5282972181794214,0.5989495346478221,0.4307297335325824,-0.126408421,-0.100917865,-0.030453196,-0.004917613,-0.06571662,0.6007753015589414,0.6554025299562193,0.807024022,0.8621916671527963,0.7308401310762696,-0.4506905,-0.360592245,-0.113129011,-0.024029751,-0.236170846
1984,0.132258253,0.2416909313449572,0.543961559,0.6534145075178917,0.3928122497329994,-0.078746266,-0.058152638,-0.001259253,0.019345776,-0.029713818,0.6349358768287509,0.6881139311381534,0.8358184677488387,0.8895988709851048,0.761550292,-0.561191296,-0.444690871,-0.124467367,-0.009081806,-0.283809333
1985,0.26875439987321703,0.33655821232392497,0.5238800577736441,0.591723099,0.43019204856537885,-0.094321753,-0.070572633,-0.00495776,0.018807337595154454,-0.037776229,0.6415374769317624,0.6940722415024119,0.8400213240765476,0.8931738261975136,0.7666202497190231,-0.488183803,-0.39330956,-0.132892912,-0.039189583,-0.262292747
1986,0.2595879833346938,0.33377354116128966,0.5387178988026734,0.6129403240957003,0.4362202638742077,-0.089147963,-0.064351027,0.004149175,0.028955833352553438,-0.030107639,0.6716320815385708,0.7258308604059294,0.8764245692952043,0.9312764072097344,0.8006767931275199,-0.526639733,-0.424207362,-0.143039309,-0.041867228,-0.282753136
1987,0.23029071779378948,0.3303925175331597,0.6069077045307911,0.7070410402034989,0.4686283362208613,-0.059358259,-0.03406013,0.035810881,0.061109002,0.000875381,0.695871239,0.7513260208683952,0.9054291142431172,0.961566228,0.8279064333209816,-0.54547112,-0.434199095,-0.128451866,-0.018320724,-0.280537727
1988,0.3278982658702061,0.41509976603471777,0.6560072798684384,0.7432560483421382,0.5355208853095196,-0.046606012,-0.022360808,0.044600261910875086,0.068844109,0.011120663732133681,0.6850028302523995,0.7443813045999964,0.9092564571024645,0.9692703345669996,0.8263801501276303,-0.462030312,-0.366426474,-0.103657598,-0.008980527,-0.234402125
1989,0.38674232834127964,0.4592000691237042,0.6594071118921074,0.7319268848385265,0.5592607587756239,-0.043548514,-0.016426605,0.058475537212230005,0.08559311,0.021027460621596505,0.7051988237967228,0.7659053027278891,0.9344782306688688,0.9958418030053086,0.8497380593471189,-0.449507155,-0.359512977,-0.112327825,-0.023325858,-0.235235303
1990,0.40774286667538373,0.4585394408020843,0.5989439005883365,0.6498195214792668,0.5286870907865756,-0.033723957,-0.012257535,0.047025504956943256,0.068488181,0.017386572,0.7360626552182666,0.7910986825592063,0.9441436915971668,0.9999333604561293,0.8671008155538374,-0.48331015,-0.393014268,-0.145405313,-0.056398159,-0.268319955
1991,0.4056803894396808,0.46453953090520295,0.6272033023341383,0.6861351677654315,0.5458212024528287,-0.08136794,-0.059297855,0.001671438,0.023751531,-0.028820119,0.761271928,0.8202028823893004,0.9840157710855731,1.0437079430638267,0.9015837240679848,-0.512093286,-0.415290322,-0.149757763,-0.05427853,-0.281610038
1992,0.43327241720240095,0.5089696805576907,0.7181369831723441,0.7939056975724932,0.6135039966197573,-0.333606169,-0.273700784,-0.108024481,-0.04795737,-0.190974301,0.7764324131008049,0.8370193810384943,1.0054211691042487,1.0667803235590023,0.9206870986667319,-0.472035026,-0.378694093,-0.122385382,-0.030123456,-0.249794708
1993,0.42277019185382836,0.5016483723198031,0.7195961879747788,0.7985422878106831,0.6105753834394823,-0.287368627,-0.234633861,-0.088803309,-0.035936641,-0.16180966,0.8147568656292432,0.8769903953915366,1.0500088082316634,1.1130644739742896,0.9629319364918464,-0.527115215,-0.424242687,-0.141844369,-0.040221564,-0.282180624
1994,0.4362156702430846,0.5103015787371563,0.715020323,0.7891790231682032,0.6126106904670647,-0.22259455,-0.179481834,-0.060286165,-0.017084775,-0.119945227,0.8412719965513776,0.9065831193642603,1.0881256360554428,1.154276335674106,0.9967746699153839,-0.562178037,-0.454236924,-0.158038341,-0.051490825,-0.305175387
1995,0.38201452172634665,0.48615423287678805,0.7738538352695365,0.8780483189552233,0.6299662149416834,-0.169352367,-0.133933607,-0.036035452,-0.000562444,-0.085021986,0.843909994,0.9080631613047352,1.0864278884535428,1.1514353861056779,0.9966556297910703,-0.567922142,-0.452624828,-0.135847966,-0.021755139,-0.293404728
1996,0.44863003194507556,0.5280852198170847,0.7476344820164316,0.8271632426336046,0.6378090506879543,-0.10924893,-0.084018817,-0.014300455,0.010955142551751479,-0.049177232,0.8383090702740527,0.9016199431787327,1.0776557662808472,1.1418191101052848,0.9890492438566242,-0.52773824,-0.424800408,-0.142226373,-0.040541629,-0.282648164
1997,0.5012522694044472,0.5803879857430758,0.799072562,0.8782946425227012,0.689670642,-0.110791693,-0.083584212,-0.00841117,0.018817001,-0.046011977,0.848986982,0.9139612487367612,1.0945954496096835,1.1604252594605575,1.0036876169584765,-0.487621651,-0.391294042,-0.126789893,-0.031580015,-0.2582702
1998,0.5334213632713747,0.606389633,0.8080570143273256,0.8811237446055067,0.7071553391812659,-0.085037359,-0.061120133,0.004949087,0.028875088,-0.028091582,0.8778424048724087,0.9463584621890714,1.1367987284120062,1.2061876914636758,1.0409758746739866,-0.508094262,-0.409499133,-0.138878666,-0.04150725,-0.273343954
1999,0.6358029937781314,0.6896622456495956,0.8386312428431593,0.8926460923877242,0.7640393077578078,-0.03696168,-0.020232643,0.025971185811680324,0.042700093,0.002869362,0.912789342,0.98366094,1.1806594235239782,1.2524418994592743,1.0815312424704744,-0.478285202,-0.388387692,-0.141832718,-0.053190418,-0.264243513
2000,0.6013691788113033,0.6610132042123009,0.8259280632940043,0.8857051427452745,0.7433787630993929,-0.027550295,-0.001267404,0.071306285,0.097576755,0.035028016,0.941020868,1.0127289341443118,1.2120931730219269,1.2847523147504927,1.1117543582539076,-0.541734055,-0.440169116,-0.161632977,-0.061499334,-0.29991277
2001,0.5577645273338905,0.6468931156741825,0.8931897783829943,0.9824139457973592,0.7699754519536334,-0.025492282,0.000928479,0.073880635,0.10028729854387708,0.037414291,0.9438236169160151,1.0154798474843587,1.214708161145321,1.2873207094349155,1.1144336896977856,-0.53748844,-0.430995995,-0.138561368,-0.033290808,-0.283934999
2002,0.618055826,0.7047307762542125,0.9442743173026353,1.0310619314068425,0.8244247549682541,-0.03616862,-0.008976638,0.066113993,0.093297986,0.028574193176076363,0.9594693862969845,1.0329112327214942,1.2370856807632191,1.3114942967137515,1.1343309254029599,-0.49884107,-0.399200209,-0.125532214,-0.0269997,-0.261600924
2003,0.7035803472144648,0.7765831192937583,0.9784189644109477,1.0515731836234121,0.8773964712127825,-0.028973222,-0.001998873,0.072484781,0.099446873,0.035251417,0.9969644141520522,1.0714447590260163,1.2785628439427859,1.3540645605602752,1.1742985686138718,-0.473200983,-0.381435338,-0.129563953,-0.038939974,-0.254711352
2004,0.6828289528036879,0.7573593860080754,0.9634023010308131,1.0380753580153048,0.8602823651950866,-0.023727066,-0.001007009,0.061728708946164446,0.084437966,0.030368306832233478,1.0135938308047603,1.0882750324289598,1.295985122,1.3717146754782261,1.191406215624283,-0.513458749,-0.41479725,-0.144057692,-0.046666408,-0.278550418
2005,0.7085728380697685,0.7706864271494187,0.9424723843678041,1.0047555229290537,0.8564623358784594,-0.057074399,-0.034177017,0.029063477721487263,0.051960936027367725,-0.002556822,0.9951379138958782,1.0700029434427394,1.2781741796351924,1.3540538383656247,1.1733879842455477,-0.48775572,-0.395521362,-0.142518372,-0.051543668,-0.268150105
2006,0.7300462500376171,0.8017613209561825,1.0000558992077286,1.0719334539195935,0.9007964188913441,-0.065261183,-0.041061387,0.025777033,0.049977471,-0.00764262,1.0233014351075433,1.099127646955825,1.310008298348179,1.3868887650943602,1.2038400347463096,-0.480422435,-0.387939614,-0.13414398,-0.042843755,-0.260225244
2007,0.7032154830457942,0.7947025276135543,1.0475649904665894,1.139185247,0.9210417796356992,-0.042460962,-0.019101342,0.045412982499210094,0.068770632,0.013157181443177726,1.0376444195479646,1.1143636883547898,1.327733532860745,1.405523461799611,1.220309345278501,-0.49523827,-0.395787922,-0.122612169,-0.024245592,-0.258451726
2008,0.7267846743911328,0.8277610132089863,1.1068318539493118,1.207941296357211,0.9672045287193556,-0.042508177,-0.021811533,0.035349813,0.056045868,0.006769547,1.0533430242863573,1.1341093822218438,1.3586423375218617,1.4404688092863882,1.245643876513706,-0.486353543,-0.38524181,-0.107309319,-0.007159594,-0.245611321
2009,0.7083078580609972,0.8191051387922259,1.1252859148756063,1.2362057478599286,0.9721109074210655,-0.047166055,-0.024655155,0.037517132,0.060027543,0.006431326,1.0574870341979767,1.136466,1.3560947685259432,1.436157325,1.2455321901688179,-0.490224093,-0.386065563,-0.099643461,0.003607118,-0.242227594
2010,0.8036255532455503,0.8604305663367801,1.017628082372857,1.074655753307752,0.9388755844151448,-0.026751708,-0.007589139,0.045329221,0.064486844,0.018873455187487672,1.0595827226500658,1.136838126,1.3517346066140243,1.4300938955791427,1.2435241599479088,-0.47218744,-0.384395186,-0.143682239,-0.057165119,-0.263158263
2011,0.8486118266186069,0.9240933454479422,1.1328438805468595,1.2085265423063951,1.0283297285932147,-0.061481138,-0.037943542,0.027065521,0.050603453,-0.005439241,1.1007546515037943,1.1815709498985478,1.4063539348038954,1.4883115220302556,1.293174409586541,-0.445291198,-0.3585133,-0.120304751,-0.034586803,-0.238677155
2012,0.8813122939294035,0.9677059529538529,1.2065882367697862,1.2931783005085988,1.0870114820828545,-0.051708442,-0.027336072,0.039977493,0.064349427,0.006321012,1.1113182157071364,1.193388104530152,1.4216421121803122,1.5048596082074124,1.3067227129047927,-0.407559159,-0.324131797,-0.094878718,-0.01229523,-0.208922584
2013,0.8103304221922114,0.9316056030319052,1.2667537397271245,1.3881720371839692,1.0990808527629108,-0.021691214,-3.99E-06,0.059878882,0.08155511,0.029945044397281722,1.1398341484467251,1.2224142919577627,1.4521398906575222,1.5359127668945862,1.3364535377587197,-0.468250228,-0.364909696,-0.080555747,0.022015202208295115,-0.222201343
2014,0.8121279753492777,0.9117577501749622,1.1871449480909186,1.2869334889974784,1.0493417249342407,-0.021712827,-0.001307896,0.055035579,0.075431096,0.026870341865295643,1.1752827719723051,1.2614194187514518,1.501005451862558,1.5883621394052467,1.3803700262083687,-0.547498257,-0.43821788,-0.138079221,-0.03001781,-0.287306884
2015,0.9067323935262366,0.9663761397269135,1.1314717844877877,1.1913800569070543,1.0487413130516579,-0.026566026,-0.004940232,0.054777600083433395,0.076395753,0.024923961005568263,1.1909347112409652,1.2765516581656173,1.5147477389049306,1.6016176090673677,1.3947845848710891,-0.530813973,-0.433069435,-0.165138202,-0.068863571,-0.298088884
2016,0.9190535537121276,0.9874672429795931,1.1767584348752935,1.245417677670232,1.081943290063236,-0.025740064,-0.005520998,0.050313019,0.070525482,0.022400569310399198,1.2041235144192772,1.2905953573184359,1.531173052352622,1.6189126437885635,1.4100088546553693,-0.516880434,-0.420202844,-0.155086152,-0.059782689,-0.286695697
2017,1.0138166589905029,1.0771684168926434,1.2525639931751251,1.3162228249947816,1.1646541778051231,-0.029452815,-0.011717807,0.037261217,0.054993777884160266,0.012773395119557128,1.217779834473965,1.3077109273941323,1.5578286631431653,1.649017309903332,1.4319014842838873,-0.445958685,-0.362299658,-0.132865928,-0.050383289,-0.246770525
2018,1.0678466300574037,1.1429201602994532,1.3506762502788154,1.426046785194235,1.2465931306337124,-0.029931467,-0.010707397,0.042382857451967425,0.061603455029454114,0.015840127464009625,1.2524959986049196,1.3427009775047551,1.5936559263298784,1.6851769448551321,1.4672697578902425,-0.402257419,-0.324477385,-0.111007325,-0.03420559,-0.217066863
2019,1.0597516429892937,1.1270993383503227,1.3135450702524232,1.3812098014411909,1.2201032986107914,-0.02499464,-0.002576897,0.059325571,0.081733754,0.028380938,1.2547509052165569,1.3446080914717378,1.5946129266549598,1.6857937244979742,1.4686965867765114,-0.426463803,-0.346439153,-0.126971044,-0.048070512,-0.235928921
2020,0.9872706373438388,1.1002136488684378,1.4124286294987045,1.5255723280856777,1.256182569545265,-0.03976164,-0.014060713,0.056916234,0.082612407,0.021431043311510033,1.288525353221952,1.3806602408145712,1.6370070709034574,1.7305026464786526,1.5078941332043787,-0.480728495,-0.379562928,-0.101419283,-0.001170487,-0.239858097
2021,1.0595494398424508,1.1689321931642391,1.4713528570981729,1.580964377659578,1.3199845667990895,-0.063603609,-0.038515234,0.030776688,0.055865222,-0.003869382,1.2988944814310792,1.393099956939367,1.6551620610799103,1.7507256954664985,1.5231932326412883,-0.42674364,-0.334836327,-0.082043763,0.009105608,-0.207916704
2022,1.1671161882783436,1.2347208368851161,1.4219549843534562,1.4899336839134127,1.3280796373420876,-0.062551016,-0.041559504,0.016419818216049077,0.037413333,-0.012571225,1.3296617363248842,1.4251781936375183,1.6909183620564514,1.7878344404954585,1.557081872783537,-0.408485101,-0.332204516,-0.123030809,-0.047840779,-0.226864659
2023,1.1326932471462514,1.2253519506930715,1.4816582802280462,1.5746007118617251,1.3533092079720135,-0.047833523,-0.025619751,0.035732149,0.057945615,0.005056411,1.3545130279170159,1.4519074642648657,1.722869251375959,1.821688522936142,1.5864045430309441,-0.441027277,-0.352811284,-0.110514947,-0.023274971,-0.230989198
2024,1.1609727116332458,1.2864025348106207,1.6331646532476876,1.7588384330764644,1.459615147769853,-0.041096229,-0.0229556,0.027146998,0.045287561415502026,0.002095743,1.3825057415042266,1.4836452446536834,1.7649672999743093,1.8675437679190985,1.6233140823362668,-0.41301002,-0.317661446,-0.055124233,0.039640348,-0.185989606
2025,1.2485626730945243,1.3429369258548713,1.604045436201541,1.6987497598991272,1.4732632749048746,-0.03897271,-0.019628456,0.033797577,0.053141139866063176,0.007085037,1.4022610396225499,1.5037643001987122,1.7861342031960652,1.8891056999628137,1.6439354695657935,-0.377376088,-0.299369912,-0.084972822,-0.007725935,-0.191647096