variable,Nat,Nat,Nat,Nat,Nat,GHG,GHG,GHG,GHG,GHG,OHF,OHF,OHF,OHF,OHF,Tot,Tot,Tot,Tot,Tot,Ant,Ant,Ant,Ant,Ant
percentile,5,17,83,95,50,5,17,83,95,50,5,17,83,95,50,5,17,83,95,50,5,17,83,95,50
Year,,,,,,,,,,,,,,,,,,,,,,,,,
1850,0.017,0.02,0.03,0.033,0.025,-0.17,-0.147,-0.079,-0.053,-0.113,0.021,0.054,0.149,0.186,0.103,-0.05,-0.022,0.05,0.081,0.015,-0.074,-0.046,0.025,0.055,-0.01
1851,0.022,0.027,0.039,0.044,0.033,-0.162,-0.141,-0.077,-0.052,-0.109,0.02,0.053,0.142,0.178,0.099,-0.038,-0.012,0.057,0.085,0.023,-0.071,-0.044,0.023,0.052,-0.01
1852,0.026,0.032,0.046,0.051,0.038,-0.155,-0.135,-0.074,-0.051,-0.104,0.02,0.051,0.136,0.169,0.095,-0.03,-0.004,0.062,0.088,0.029,-0.067,-0.042,0.022,0.05,-0.01
1853,0.018,0.022,0.032,0.036,0.027,-0.147,-0.129,-0.072,-0.05,-0.1,0.021,0.05,0.13,0.161,0.091,-0.037,-0.013,0.048,0.074,0.017,-0.064,-0.04,0.02,0.046,-0.009
1854,0.01,0.011,0.016,0.019,0.014,-0.14,-0.123,-0.069,-0.05,-0.096,0.02,0.048,0.123,0.153,0.087,-0.047,-0.024,0.033,0.058,0.005,-0.06,-0.038,0.019,0.044,-0.009
1855,0.01,0.013,0.018,0.02,0.015,-0.132,-0.116,-0.066,-0.048,-0.091,0.02,0.046,0.117,0.145,0.083,-0.042,-0.021,0.033,0.057,0.006,-0.057,-0.036,0.017,0.041,-0.009
1856,0.012,0.014,0.02,0.023,0.017,-0.125,-0.11,-0.064,-0.047,-0.087,0.02,0.045,0.111,0.137,0.078,-0.037,-0.017,0.034,0.056,0.008,-0.054,-0.034,0.016,0.039,-0.008
1857,0.002,0.003,0.004,0.004,0.003,-0.117,-0.104,-0.061,-0.046,-0.082,0.02,0.043,0.104,0.129,0.074,-0.048,-0.028,0.018,0.039,-0.005,-0.051,-0.032,0.015,0.036,-0.008
1858,0.005,0.006,0.008,0.009,0.007,-0.11,-0.098,-0.059,-0.044,-0.078,0.02,0.041,0.098,0.121,0.07,-0.041,-0.023,0.021,0.04,-0.001,-0.047,-0.03,0.014,0.033,-0.008
1859,0.012,0.014,0.02,0.023,0.017,-0.102,-0.091,-0.056,-0.042,-0.073,0.019,0.039,0.092,0.113,0.066,-0.027,-0.011,0.03,0.048,0.009,-0.044,-0.028,0.013,0.03,-0.008
1860,0.019,0.023,0.034,0.038,0.028,-0.095,-0.085,-0.052,-0.041,-0.069,0.019,0.037,0.085,0.105,0.062,-0.013,0.002,0.041,0.056,0.021,-0.04,-0.026,0.012,0.027,-0.007
1861,0.021,0.025,0.037,0.041,0.031,-0.088,-0.079,-0.049,-0.039,-0.064,0.018,0.035,0.079,0.096,0.057,-0.007,0.006,0.043,0.057,0.024,-0.037,-0.024,0.01,0.025,-0.007
1862,-0.05,-0.044,-0.031,-0.026,-0.037,-0.08,-0.072,-0.046,-0.038,-0.06,0.018,0.032,0.073,0.088,0.053,-0.073,-0.061,-0.027,-0.014,-0.044,-0.034,-0.022,0.009,0.022,-0.007
1863,-0.075,-0.066,-0.046,-0.038,-0.056,-0.073,-0.066,-0.043,-0.036,-0.055,0.017,0.03,0.067,0.08,0.049,-0.092,-0.08,-0.045,-0.032,-0.062,-0.031,-0.02,0.008,0.02,-0.006
1864,-0.057,-0.051,-0.035,-0.03,-0.043,-0.066,-0.06,-0.04,-0.034,-0.051,0.016,0.028,0.06,0.073,0.045,-0.075,-0.064,-0.034,-0.023,-0.049,-0.028,-0.018,0.007,0.017,-0.006
1865,-0.032,-0.029,-0.02,-0.017,-0.024,-0.059,-0.054,-0.037,-0.032,-0.046,0.015,0.026,0.054,0.066,0.04,-0.05,-0.042,-0.017,-0.008,-0.03,-0.025,-0.017,0.006,0.015,-0.006
1866,-0.009,-0.008,-0.006,-0.005,-0.007,-0.053,-0.048,-0.034,-0.029,-0.041,0.014,0.023,0.048,0.057,0.036,-0.029,-0.022,-0.002,0.006,-0.012,-0.022,-0.015,0.005,0.013,-0.005
1867,0.005,0.005,0.008,0.009,0.007,-0.046,-0.042,-0.031,-0.027,-0.037,0.013,0.021,0.042,0.049,0.032,-0.013,-0.007,0.011,0.018,0.002,-0.019,-0.014,0.004,0.011,-0.005
1868,0.013,0.015,0.022,0.024,0.018,-0.04,-0.037,-0.027,-0.024,-0.032,0.012,0.018,0.036,0.042,0.028,0,0.005,0.023,0.029,0.014,-0.017,-0.012,0.003,0.009,-0.005
1869,0.02,0.024,0.035,0.039,0.029,-0.035,-0.032,-0.023,-0.019,-0.027,0.01,0.016,0.03,0.035,0.023,0.01,0.016,0.034,0.041,0.025,-0.015,-0.011,0.003,0.008,-0.004
1870,0.026,0.031,0.045,0.05,0.038,-0.03,-0.027,-0.018,-0.015,-0.023,0.008,0.013,0.025,0.029,0.019,0.018,0.024,0.044,0.051,0.034,-0.013,-0.009,0.002,0.007,-0.004
1871,0.031,0.037,0.054,0.061,0.045,-0.026,-0.023,-0.013,-0.009,-0.018,0.006,0.009,0.02,0.024,0.015,0.024,0.031,0.052,0.06,0.042,-0.012,-0.008,0.002,0.006,-0.003
1872,0.035,0.042,0.06,0.068,0.05,-0.023,-0.019,-0.008,-0.004,-0.014,0.001,0.005,0.015,0.02,0.01,0.029,0.036,0.059,0.067,0.047,-0.012,-0.008,0.002,0.005,-0.003
1873,0.024,0.029,0.041,0.046,0.035,-0.02,-0.015,-0.002,0.002,-0.009,-0.004,0.001,0.012,0.016,0.006,0.018,0.023,0.041,0.047,0.032,-0.011,-0.007,0.002,0.006,-0.003
1874,0.023,0.027,0.039,0.044,0.033,-0.017,-0.011,0.003,0.009,-0.004,-0.01,-0.005,0.009,0.013,0.002,0.017,0.022,0.039,0.045,0.031,-0.011,-0.007,0.003,0.007,-0.002
1875,0.022,0.026,0.038,0.042,0.032,-0.014,-0.007,0.009,0.015,0,-0.016,-0.01,0.006,0.011,-0.002,0.016,0.021,0.039,0.045,0.03,-0.011,-0.007,0.005,0.009,-0.002
1876,0.022,0.026,0.037,0.042,0.031,-0.011,-0.004,0.014,0.021,0.005,-0.022,-0.015,0.003,0.008,-0.006,0.015,0.021,0.04,0.046,0.03,-0.013,-0.008,0.006,0.011,-0.001
1877,0.024,0.028,0.041,0.046,0.034,-0.007,0,0.02,0.027,0.01,-0.029,-0.02,0,0.006,-0.01,0.017,0.024,0.044,0.051,0.034,-0.014,-0.008,0.007,0.013,-0.001
1878,0.026,0.031,0.045,0.05,0.037,-0.004,0.004,0.025,0.033,0.014,-0.036,-0.026,-0.002,0.004,-0.015,0.018,0.026,0.049,0.056,0.037,-0.015,-0.008,0.008,0.015,0
1879,0.028,0.033,0.048,0.054,0.041,-0.001,0.008,0.03,0.038,0.019,-0.042,-0.031,-0.005,0.002,-0.019,0.02,0.029,0.054,0.062,0.041,-0.016,-0.009,0.01,0.018,0
1880,0.028,0.034,0.049,0.055,0.041,0.003,0.012,0.035,0.044,0.024,-0.049,-0.036,-0.008,0,-0.023,0.019,0.029,0.056,0.063,0.042,-0.017,-0.009,0.011,0.02,0.001
1881,0.029,0.035,0.051,0.057,0.043,0.006,0.016,0.041,0.049,0.028,-0.055,-0.041,-0.011,-0.001,-0.027,0.02,0.03,0.059,0.067,0.044,-0.019,-0.01,0.013,0.022,0.001
1882,0.033,0.039,0.056,0.063,0.047,0.01,0.02,0.046,0.055,0.033,-0.06,-0.047,-0.014,-0.003,-0.031,0.023,0.035,0.065,0.075,0.049,-0.02,-0.01,0.014,0.024,0.002
1883,0.002,0.002,0.003,0.004,0.003,0.014,0.024,0.051,0.06,0.037,-0.066,-0.051,-0.016,-0.004,-0.035,-0.018,-0.007,0.018,0.029,0.005,-0.021,-0.01,0.016,0.026,0.003
1884,-0.225,-0.2,-0.138,-0.116,-0.168,0.018,0.028,0.056,0.065,0.042,-0.072,-0.056,-0.019,-0.006,-0.039,-0.226,-0.198,-0.132,-0.105,-0.164,-0.021,-0.01,0.017,0.028,0.003
1885,-0.255,-0.227,-0.157,-0.131,-0.19,0.022,0.032,0.061,0.07,0.046,-0.077,-0.061,-0.022,-0.009,-0.042,-0.256,-0.224,-0.149,-0.12,-0.186,-0.022,-0.01,0.019,0.03,0.004
1886,-0.211,-0.188,-0.13,-0.109,-0.157,0.026,0.036,0.065,0.074,0.051,-0.082,-0.066,-0.025,-0.011,-0.046,-0.214,-0.187,-0.121,-0.095,-0.153,-0.023,-0.01,0.02,0.032,0.005
1887,-0.172,-0.153,-0.106,-0.088,-0.128,0.029,0.04,0.07,0.079,0.055,-0.088,-0.071,-0.028,-0.012,-0.05,-0.178,-0.153,-0.094,-0.073,-0.123,-0.025,-0.011,0.022,0.034,0.005
1888,-0.122,-0.109,-0.075,-0.063,-0.091,0.034,0.044,0.075,0.084,0.06,-0.093,-0.076,-0.031,-0.015,-0.054,-0.13,-0.11,-0.061,-0.043,-0.085,-0.026,-0.011,0.023,0.036,0.006
1889,-0.079,-0.07,-0.049,-0.041,-0.059,0.038,0.048,0.079,0.088,0.064,-0.098,-0.08,-0.034,-0.017,-0.058,-0.091,-0.073,-0.031,-0.017,-0.052,-0.026,-0.011,0.024,0.037,0.007
1890,-0.06,-0.053,-0.037,-0.031,-0.045,0.042,0.052,0.084,0.093,0.069,-0.102,-0.084,-0.037,-0.019,-0.061,-0.075,-0.058,-0.017,-0.003,-0.037,-0.026,-0.011,0.026,0.039,0.007
1891,-0.064,-0.057,-0.039,-0.033,-0.047,0.047,0.057,0.088,0.098,0.073,-0.107,-0.089,-0.039,-0.022,-0.065,-0.079,-0.061,-0.018,-0.003,-0.039,-0.027,-0.011,0.027,0.041,0.008
1892,-0.041,-0.037,-0.025,-0.021,-0.031,0.051,0.061,0.092,0.102,0.077,-0.113,-0.093,-0.042,-0.024,-0.068,-0.06,-0.044,-0.001,0.014,-0.022,-0.028,-0.011,0.028,0.043,0.009
1893,-0.009,-0.008,-0.005,-0.004,-0.006,0.056,0.065,0.096,0.106,0.082,-0.119,-0.097,-0.045,-0.026,-0.072,-0.035,-0.018,0.024,0.039,0.003,-0.028,-0.011,0.03,0.045,0.01
1894,0.01,0.012,0.018,0.02,0.015,0.06,0.07,0.1,0.111,0.086,-0.124,-0.102,-0.048,-0.029,-0.076,-0.014,0.003,0.047,0.062,0.025,-0.029,-0.012,0.031,0.047,0.011
1895,0.02,0.024,0.035,0.039,0.029,0.064,0.074,0.105,0.115,0.091,-0.128,-0.105,-0.051,-0.032,-0.079,0.001,0.017,0.064,0.079,0.041,-0.029,-0.011,0.033,0.048,0.012
1896,0.026,0.031,0.045,0.051,0.038,0.068,0.079,0.109,0.12,0.095,-0.131,-0.109,-0.054,-0.034,-0.082,0.009,0.025,0.075,0.091,0.051,-0.03,-0.011,0.035,0.05,0.012
1897,0.03,0.036,0.052,0.058,0.044,0.072,0.084,0.114,0.124,0.099,-0.135,-0.112,-0.057,-0.036,-0.086,0.014,0.031,0.081,0.098,0.057,-0.03,-0.011,0.037,0.053,0.013
1898,0.033,0.039,0.056,0.063,0.047,0.077,0.088,0.118,0.128,0.104,-0.139,-0.116,-0.059,-0.038,-0.089,0.017,0.035,0.087,0.104,0.062,-0.03,-0.01,0.038,0.055,0.014
1899,0.034,0.04,0.059,0.066,0.049,0.081,0.092,0.122,0.133,0.108,-0.143,-0.12,-0.062,-0.041,-0.092,0.019,0.037,0.09,0.108,0.065,-0.031,-0.01,0.04,0.057,0.016
1900,0.035,0.041,0.06,0.067,0.05,0.085,0.096,0.126,0.137,0.112,-0.147,-0.124,-0.066,-0.043,-0.096,0.021,0.039,0.093,0.111,0.067,-0.031,-0.009,0.041,0.059,0.017
1901,0.035,0.042,0.06,0.068,0.051,0.089,0.1,0.131,0.142,0.117,-0.15,-0.128,-0.068,-0.046,-0.099,0.021,0.04,0.094,0.114,0.068,-0.031,-0.009,0.043,0.061,0.018
1902,0.029,0.034,0.049,0.056,0.041,0.093,0.104,0.135,0.147,0.121,-0.154,-0.131,-0.07,-0.048,-0.102,0.012,0.033,0.086,0.107,0.061,-0.031,-0.008,0.045,0.064,0.019
1903,-0.051,-0.046,-0.031,-0.026,-0.038,0.096,0.108,0.139,0.152,0.125,-0.158,-0.135,-0.074,-0.051,-0.105,-0.072,-0.048,0.011,0.029,-0.018,-0.031,-0.008,0.047,0.066,0.02
1904,-0.073,-0.065,-0.045,-0.038,-0.054,0.1,0.112,0.144,0.157,0.13,-0.161,-0.138,-0.076,-0.053,-0.108,-0.09,-0.064,-0.002,0.017,-0.033,-0.031,-0.007,0.049,0.069,0.022
1905,-0.049,-0.043,-0.03,-0.025,-0.036,0.104,0.116,0.149,0.162,0.134,-0.165,-0.141,-0.079,-0.055,-0.111,-0.07,-0.044,0.016,0.035,-0.013,-0.031,-0.007,0.052,0.071,0.023
1906,-0.015,-0.014,-0.01,-0.008,-0.012,0.107,0.12,0.154,0.167,0.138,-0.169,-0.144,-0.081,-0.057,-0.113,-0.042,-0.018,0.042,0.061,0.013,-0.03,-0.006,0.054,0.073,0.025
1907,-0.006,-0.005,-0.004,-0.003,-0.004,0.11,0.123,0.159,0.172,0.142,-0.174,-0.147,-0.083,-0.059,-0.116,-0.034,-0.01,0.052,0.072,0.022,-0.029,-0.005,0.056,0.076,0.026
1908,0.005,0.007,0.009,0.011,0.008,0.113,0.127,0.165,0.177,0.147,-0.176,-0.15,-0.085,-0.061,-0.119,-0.021,0.004,0.065,0.086,0.036,-0.03,-0.005,0.058,0.079,0.028
1909,0.015,0.018,0.026,0.029,0.022,0.116,0.13,0.169,0.183,0.151,-0.18,-0.152,-0.087,-0.064,-0.121,-0.006,0.019,0.081,0.103,0.052,-0.029,-0.003,0.06,0.081,0.03
1910,0.022,0.026,0.037,0.042,0.031,0.119,0.134,0.174,0.188,0.155,-0.184,-0.154,-0.089,-0.067,-0.123,0.004,0.029,0.093,0.116,0.063,-0.028,-0.002,0.062,0.083,0.032
1911,0.026,0.031,0.044,0.05,0.037,0.121,0.137,0.179,0.194,0.159,-0.187,-0.157,-0.091,-0.068,-0.126,0.011,0.037,0.101,0.124,0.07,-0.027,-0.001,0.065,0.086,0.033
1912,0,0,0,0,0,0.124,0.141,0.184,0.199,0.163,-0.189,-0.16,-0.092,-0.07,-0.128,-0.027,0,0.067,0.089,0.035,-0.027,0,0.067,0.089,0.035
1913,-0.046,-0.04,-0.028,-0.023,-0.034,0.126,0.144,0.189,0.206,0.167,-0.193,-0.163,-0.093,-0.072,-0.13,-0.06,-0.035,0.037,0.059,0.003,-0.026,0.001,0.069,0.092,0.037
1914,-0.037,-0.033,-0.023,-0.019,-0.028,0.128,0.147,0.194,0.212,0.171,-0.197,-0.166,-0.094,-0.073,-0.132,-0.052,-0.027,0.046,0.066,0.012,-0.025,0.002,0.072,0.094,0.039
1915,-0.008,-0.007,-0.005,-0.004,-0.006,0.13,0.15,0.199,0.218,0.175,-0.201,-0.169,-0.095,-0.072,-0.134,-0.03,-0.003,0.068,0.091,0.035,-0.023,0.004,0.074,0.097,0.042
1916,0.011,0.013,0.019,0.021,0.016,0.133,0.153,0.204,0.224,0.179,-0.205,-0.172,-0.096,-0.072,-0.136,-0.007,0.022,0.092,0.117,0.059,-0.022,0.005,0.077,0.1,0.044
1917,0.024,0.028,0.041,0.046,0.034,0.135,0.156,0.209,0.23,0.183,-0.209,-0.174,-0.098,-0.073,-0.137,0.014,0.043,0.114,0.139,0.08,-0.021,0.006,0.079,0.104,0.046
1918,0.034,0.041,0.059,0.066,0.049,0.136,0.16,0.215,0.235,0.187,-0.213,-0.177,-0.099,-0.073,-0.139,0.031,0.059,0.132,0.157,0.097,-0.021,0.007,0.082,0.107,0.048
1919,0.04,0.047,0.069,0.077,0.058,0.138,0.162,0.219,0.241,0.191,-0.217,-0.179,-0.1,-0.072,-0.141,0.04,0.07,0.142,0.169,0.108,-0.019,0.009,0.085,0.11,0.051
1920,0.042,0.05,0.073,0.082,0.061,0.14,0.165,0.224,0.246,0.195,-0.219,-0.183,-0.101,-0.072,-0.142,0.045,0.075,0.149,0.176,0.114,-0.017,0.01,0.088,0.113,0.053
1921,0.043,0.051,0.074,0.083,0.062,0.142,0.168,0.229,0.251,0.199,-0.222,-0.186,-0.101,-0.071,-0.143,0.047,0.078,0.153,0.18,0.118,-0.015,0.012,0.092,0.117,0.055
1922,0.036,0.043,0.062,0.07,0.052,0.144,0.17,0.233,0.257,0.203,-0.224,-0.188,-0.102,-0.07,-0.145,0.04,0.069,0.147,0.172,0.11,-0.014,0.014,0.095,0.121,0.058
1923,0.033,0.039,0.056,0.063,0.047,0.146,0.173,0.238,0.263,0.206,-0.226,-0.191,-0.102,-0.069,-0.146,0.037,0.066,0.144,0.173,0.108,-0.012,0.015,0.098,0.124,0.06
1924,0.035,0.042,0.06,0.068,0.05,0.148,0.175,0.242,0.269,0.21,-0.23,-0.193,-0.103,-0.069,-0.147,0.041,0.071,0.151,0.179,0.114,-0.01,0.018,0.101,0.129,0.063
1925,0.038,0.045,0.066,0.074,0.055,0.151,0.178,0.247,0.275,0.214,-0.233,-0.196,-0.103,-0.068,-0.148,0.048,0.078,0.159,0.187,0.121,-0.009,0.02,0.105,0.132,0.066
1926,0.042,0.05,0.073,0.082,0.061,0.153,0.18,0.252,0.28,0.217,-0.235,-0.199,-0.103,-0.066,-0.149,0.055,0.086,0.168,0.196,0.13,-0.008,0.023,0.108,0.137,0.068
1927,0.047,0.056,0.081,0.091,0.068,0.155,0.183,0.256,0.286,0.221,-0.239,-0.2,-0.103,-0.065,-0.15,0.064,0.095,0.178,0.207,0.139,-0.006,0.024,0.111,0.143,0.071
1928,0.048,0.058,0.083,0.094,0.07,0.157,0.185,0.26,0.291,0.224,-0.242,-0.202,-0.102,-0.064,-0.15,0.066,0.099,0.183,0.214,0.144,-0.003,0.026,0.114,0.146,0.074
1929,0.039,0.046,0.067,0.075,0.056,0.159,0.187,0.265,0.296,0.228,-0.245,-0.204,-0.101,-0.063,-0.151,0.055,0.087,0.172,0.204,0.133,-0.002,0.028,0.118,0.15,0.076
1930,0.043,0.051,0.074,0.083,0.062,0.16,0.19,0.269,0.3,0.231,-0.249,-0.206,-0.1,-0.062,-0.152,0.061,0.095,0.18,0.214,0.141,0,0.03,0.122,0.153,0.079
1931,0.045,0.053,0.077,0.087,0.065,0.162,0.193,0.273,0.304,0.235,-0.251,-0.209,-0.099,-0.061,-0.153,0.066,0.1,0.186,0.221,0.147,-0.001,0.032,0.125,0.156,0.082
1932,0.036,0.043,0.062,0.07,0.052,0.164,0.195,0.278,0.309,0.238,-0.253,-0.21,-0.098,-0.059,-0.153,0.055,0.087,0.177,0.211,0.137,0.001,0.034,0.128,0.16,0.085
1933,0.036,0.043,0.062,0.069,0.052,0.167,0.197,0.282,0.314,0.242,-0.257,-0.212,-0.098,-0.057,-0.154,0.056,0.089,0.18,0.215,0.139,0.002,0.037,0.131,0.165,0.088
1934,0.038,0.046,0.066,0.075,0.056,0.169,0.2,0.286,0.32,0.245,-0.262,-0.214,-0.096,-0.058,-0.155,0.062,0.096,0.188,0.223,0.146,0.005,0.038,0.135,0.169,0.091
1935,0.042,0.05,0.073,0.082,0.061,0.173,0.202,0.29,0.324,0.249,-0.266,-0.215,-0.096,-0.056,-0.155,0.068,0.104,0.196,0.232,0.155,0.007,0.041,0.139,0.172,0.094
1936,0.049,0.058,0.084,0.095,0.071,0.175,0.206,0.295,0.329,0.252,-0.268,-0.217,-0.095,-0.055,-0.156,0.08,0.115,0.209,0.245,0.167,0.009,0.043,0.142,0.176,0.097
1937,0.054,0.065,0.094,0.105,0.078,0.177,0.209,0.299,0.336,0.256,-0.269,-0.219,-0.095,-0.054,-0.157,0.09,0.126,0.221,0.257,0.178,0.01,0.045,0.146,0.181,0.1
1938,0.058,0.069,0.099,0.112,0.083,0.179,0.211,0.304,0.34,0.26,-0.272,-0.221,-0.094,-0.052,-0.157,0.097,0.133,0.23,0.267,0.186,0.012,0.048,0.149,0.185,0.103
1939,0.06,0.072,0.104,0.117,0.087,0.182,0.214,0.308,0.346,0.264,-0.275,-0.223,-0.094,-0.051,-0.158,0.103,0.141,0.237,0.274,0.193,0.015,0.051,0.152,0.19,0.106
1940,0.061,0.073,0.105,0.118,0.088,0.185,0.217,0.312,0.352,0.268,-0.28,-0.225,-0.094,-0.049,-0.159,0.107,0.144,0.242,0.279,0.197,0.017,0.053,0.156,0.194,0.109
1941,0.06,0.072,0.104,0.117,0.087,0.187,0.221,0.316,0.358,0.272,-0.283,-0.228,-0.094,-0.048,-0.16,0.108,0.147,0.246,0.284,0.2,0.019,0.056,0.161,0.199,0.112
1942,0.059,0.07,0.102,0.114,0.085,0.191,0.225,0.321,0.363,0.277,-0.287,-0.231,-0.094,-0.046,-0.161,0.108,0.147,0.247,0.286,0.201,0.02,0.059,0.165,0.204,0.116
1943,0.057,0.068,0.098,0.11,0.082,0.194,0.229,0.327,0.369,0.281,-0.291,-0.234,-0.093,-0.046,-0.162,0.107,0.146,0.249,0.286,0.201,0.022,0.061,0.17,0.208,0.119
1944,0.055,0.066,0.096,0.107,0.08,0.197,0.232,0.332,0.375,0.286,-0.296,-0.236,-0.093,-0.046,-0.163,0.107,0.147,0.251,0.288,0.203,0.025,0.063,0.174,0.213,0.122
1945,0.057,0.068,0.098,0.11,0.082,0.201,0.236,0.338,0.381,0.291,-0.3,-0.239,-0.094,-0.046,-0.165,0.111,0.152,0.257,0.295,0.208,0.026,0.067,0.178,0.217,0.126
1946,0.059,0.07,0.101,0.114,0.085,0.205,0.241,0.343,0.388,0.296,-0.304,-0.242,-0.093,-0.045,-0.166,0.117,0.158,0.265,0.302,0.215,0.029,0.07,0.182,0.221,0.13
1947,0.063,0.076,0.109,0.123,0.092,0.21,0.246,0.349,0.395,0.301,-0.308,-0.245,-0.093,-0.044,-0.168,0.126,0.167,0.276,0.313,0.225,0.032,0.074,0.187,0.225,0.134
1948,0.068,0.081,0.117,0.132,0.098,0.213,0.25,0.356,0.403,0.307,-0.314,-0.248,-0.093,-0.043,-0.169,0.136,0.177,0.287,0.327,0.236,0.034,0.077,0.191,0.229,0.137
1949,0.07,0.084,0.122,0.137,0.102,0.218,0.257,0.362,0.41,0.313,-0.318,-0.251,-0.094,-0.044,-0.171,0.142,0.185,0.296,0.337,0.243,0.037,0.08,0.196,0.236,0.141
1950,0.07,0.084,0.121,0.136,0.102,0.223,0.263,0.368,0.417,0.319,-0.323,-0.253,-0.094,-0.044,-0.173,0.146,0.187,0.3,0.342,0.247,0.04,0.083,0.201,0.241,0.146
1951,0.067,0.08,0.116,0.131,0.097,0.227,0.269,0.375,0.425,0.325,-0.327,-0.256,-0.094,-0.045,-0.175,0.145,0.186,0.301,0.341,0.247,0.043,0.087,0.207,0.246,0.15
1952,0.065,0.078,0.112,0.126,0.094,0.233,0.274,0.383,0.433,0.332,-0.331,-0.261,-0.095,-0.046,-0.178,0.145,0.186,0.303,0.345,0.249,0.046,0.09,0.213,0.252,0.154
1953,0.062,0.074,0.108,0.121,0.09,0.239,0.281,0.39,0.441,0.339,-0.336,-0.264,-0.096,-0.046,-0.18,0.145,0.185,0.305,0.349,0.249,0.05,0.095,0.218,0.258,0.159
1954,0.06,0.072,0.104,0.117,0.088,0.246,0.288,0.398,0.45,0.347,-0.342,-0.268,-0.098,-0.047,-0.183,0.147,0.186,0.307,0.353,0.251,0.054,0.099,0.223,0.264,0.164
1955,0.061,0.073,0.105,0.118,0.088,0.253,0.295,0.407,0.459,0.354,-0.347,-0.272,-0.099,-0.048,-0.186,0.151,0.191,0.313,0.359,0.257,0.059,0.104,0.228,0.271,0.169
1956,0.065,0.077,0.112,0.126,0.094,0.261,0.302,0.416,0.468,0.363,-0.352,-0.277,-0.102,-0.049,-0.189,0.162,0.202,0.326,0.372,0.268,0.061,0.108,0.234,0.278,0.174
1957,0.072,0.086,0.124,0.139,0.104,0.269,0.31,0.424,0.479,0.371,-0.358,-0.281,-0.104,-0.051,-0.192,0.177,0.216,0.342,0.388,0.283,0.065,0.113,0.241,0.286,0.179
1958,0.077,0.092,0.134,0.15,0.112,0.276,0.318,0.434,0.49,0.38,-0.364,-0.286,-0.105,-0.052,-0.195,0.19,0.23,0.357,0.402,0.297,0.069,0.117,0.247,0.293,0.185
1959,0.08,0.095,0.138,0.155,0.115,0.283,0.326,0.445,0.502,0.39,-0.372,-0.291,-0.107,-0.054,-0.199,0.198,0.24,0.367,0.413,0.306,0.073,0.123,0.254,0.3,0.191
1960,0.08,0.096,0.138,0.156,0.116,0.292,0.335,0.455,0.514,0.4,-0.379,-0.297,-0.108,-0.055,-0.203,0.204,0.246,0.374,0.421,0.313,0.079,0.129,0.262,0.306,0.197
1961,0.077,0.092,0.133,0.15,0.112,0.3,0.345,0.466,0.525,0.41,-0.385,-0.302,-0.111,-0.057,-0.207,0.205,0.247,0.376,0.426,0.315,0.084,0.135,0.269,0.312,0.203
1962,0.063,0.075,0.109,0.122,0.091,0.308,0.354,0.478,0.538,0.421,-0.391,-0.307,-0.114,-0.06,-0.211,0.191,0.233,0.362,0.411,0.301,0.089,0.141,0.276,0.319,0.21
1963,0.004,0.005,0.007,0.008,0.006,0.316,0.365,0.49,0.551,0.432,-0.397,-0.313,-0.117,-0.062,-0.215,0.103,0.153,0.288,0.332,0.223,0.096,0.148,0.282,0.328,0.217
1964,-0.068,-0.06,-0.042,-0.035,-0.051,0.326,0.376,0.504,0.565,0.444,-0.406,-0.32,-0.119,-0.065,-0.22,0.044,0.1,0.242,0.29,0.173,0.104,0.155,0.29,0.336,0.224
1965,-0.085,-0.076,-0.052,-0.044,-0.063,0.335,0.387,0.517,0.578,0.456,-0.413,-0.326,-0.123,-0.067,-0.225,0.036,0.093,0.237,0.286,0.168,0.111,0.162,0.298,0.344,0.231
1966,-0.044,-0.039,-0.027,-0.023,-0.033,0.346,0.398,0.531,0.593,0.469,-0.419,-0.333,-0.127,-0.069,-0.23,0.078,0.132,0.275,0.322,0.206,0.117,0.17,0.306,0.352,0.239
1967,-0.033,-0.03,-0.02,-0.017,-0.025,0.357,0.41,0.546,0.607,0.482,-0.427,-0.339,-0.131,-0.072,-0.235,0.096,0.148,0.291,0.338,0.222,0.124,0.177,0.315,0.36,0.247
1968,-0.013,-0.012,-0.008,-0.007,-0.01,0.368,0.422,0.561,0.623,0.496,-0.435,-0.344,-0.135,-0.076,-0.241,0.119,0.174,0.314,0.361,0.245,0.131,0.184,0.324,0.37,0.255
1969,0.006,0.007,0.01,0.011,0.008,0.379,0.434,0.577,0.638,0.51,-0.44,-0.353,-0.139,-0.079,-0.246,0.151,0.201,0.339,0.388,0.272,0.14,0.192,0.333,0.379,0.264
1970,0.016,0.019,0.027,0.031,0.023,0.391,0.448,0.592,0.655,0.525,-0.449,-0.359,-0.144,-0.082,-0.252,0.177,0.225,0.361,0.408,0.296,0.149,0.201,0.341,0.389,0.273
1971,0.014,0.017,0.025,0.028,0.021,0.403,0.461,0.608,0.673,0.54,-0.458,-0.366,-0.148,-0.084,-0.258,0.181,0.232,0.369,0.418,0.303,0.158,0.21,0.351,0.399,0.282
1972,0.019,0.022,0.032,0.036,0.027,0.417,0.476,0.625,0.691,0.555,-0.468,-0.373,-0.152,-0.088,-0.264,0.198,0.247,0.385,0.432,0.319,0.168,0.22,0.36,0.409,0.292
1973,0.027,0.032,0.046,0.052,0.039,0.43,0.49,0.643,0.71,0.571,-0.477,-0.382,-0.157,-0.093,-0.27,0.22,0.268,0.407,0.454,0.34,0.179,0.23,0.37,0.42,0.302
1974,0.029,0.034,0.05,0.056,0.042,0.444,0.506,0.661,0.728,0.588,-0.484,-0.389,-0.163,-0.099,-0.276,0.232,0.281,0.42,0.469,0.354,0.188,0.24,0.381,0.431,0.312
1975,0.01,0.012,0.018,0.02,0.015,0.459,0.521,0.678,0.747,0.605,-0.491,-0.396,-0.168,-0.102,-0.282,0.215,0.264,0.406,0.457,0.338,0.198,0.251,0.392,0.442,0.323
1976,0.012,0.015,0.021,0.024,0.018,0.473,0.536,0.698,0.766,0.622,-0.499,-0.404,-0.173,-0.107,-0.288,0.228,0.277,0.418,0.47,0.352,0.209,0.262,0.403,0.455,0.334
1977,0.021,0.025,0.036,0.041,0.03,0.488,0.552,0.717,0.787,0.64,-0.51,-0.411,-0.177,-0.112,-0.295,0.252,0.301,0.441,0.493,0.376,0.22,0.271,0.414,0.466,0.345
1978,0.032,0.038,0.055,0.062,0.046,0.504,0.568,0.736,0.808,0.658,-0.52,-0.418,-0.181,-0.115,-0.301,0.28,0.329,0.47,0.524,0.404,0.231,0.283,0.426,0.477,0.357
1979,0.043,0.051,0.074,0.083,0.062,0.52,0.585,0.757,0.828,0.677,-0.53,-0.426,-0.186,-0.121,-0.308,0.308,0.357,0.498,0.552,0.431,0.243,0.294,0.439,0.489,0.369
1980,0.048,0.057,0.083,0.093,0.07,0.534,0.602,0.778,0.85,0.696,-0.534,-0.433,-0.191,-0.123,-0.314,0.328,0.378,0.518,0.574,0.452,0.255,0.306,0.451,0.502,0.382
1981,0.05,0.06,0.087,0.097,0.073,0.55,0.619,0.799,0.872,0.715,-0.541,-0.44,-0.197,-0.125,-0.32,0.344,0.395,0.534,0.59,0.468,0.268,0.32,0.463,0.515,0.395
1982,0.033,0.039,0.057,0.064,0.048,0.568,0.636,0.82,0.894,0.735,-0.55,-0.447,-0.203,-0.128,-0.327,0.33,0.384,0.521,0.577,0.456,0.281,0.334,0.475,0.53,0.408
1983,-0.021,-0.019,-0.013,-0.011,-0.016,0.584,0.654,0.844,0.918,0.755,-0.556,-0.455,-0.208,-0.131,-0.333,0.277,0.332,0.475,0.53,0.406,0.295,0.348,0.488,0.544,0.422
1984,-0.041,-0.037,-0.025,-0.021,-0.031,0.601,0.672,0.866,0.941,0.775,-0.564,-0.463,-0.213,-0.134,-0.339,0.274,0.328,0.475,0.529,0.406,0.309,0.363,0.502,0.557,0.436
1985,-0.03,-0.027,-0.019,-0.016,-0.023,0.618,0.691,0.887,0.965,0.796,-0.574,-0.471,-0.217,-0.138,-0.345,0.299,0.352,0.496,0.553,0.428,0.323,0.379,0.517,0.573,0.451
1986,-0.022,-0.019,-0.013,-0.011,-0.016,0.635,0.711,0.91,0.989,0.817,-0.583,-0.479,-0.222,-0.14,-0.351,0.32,0.375,0.517,0.575,0.45,0.338,0.393,0.532,0.589,0.466
1987,-0.006,-0.005,-0.004,-0.003,-0.004,0.651,0.73,0.933,1.013,0.838,-0.59,-0.485,-0.225,-0.142,-0.357,0.349,0.404,0.544,0.602,0.477,0.354,0.408,0.548,0.605,0.481
1988,0.009,0.011,0.016,0.018,0.013,0.668,0.749,0.956,1.038,0.859,-0.598,-0.491,-0.229,-0.146,-0.362,0.384,0.437,0.578,0.635,0.51,0.37,0.423,0.564,0.622,0.497
1989,0.024,0.029,0.042,0.047,0.035,0.686,0.767,0.979,1.063,0.881,-0.608,-0.497,-0.234,-0.148,-0.368,0.422,0.475,0.614,0.673,0.548,0.387,0.439,0.581,0.639,0.513
1990,0.035,0.042,0.061,0.068,0.051,0.704,0.787,1.003,1.088,0.903,-0.615,-0.504,-0.238,-0.151,-0.373,0.454,0.508,0.646,0.705,0.581,0.404,0.455,0.597,0.656,0.53
1991,0.002,0.002,0.004,0.004,0.003,0.723,0.806,1.028,1.116,0.925,-0.621,-0.51,-0.242,-0.154,-0.378,0.424,0.474,0.618,0.676,0.549,0.421,0.471,0.615,0.673,0.546
1992,-0.184,-0.164,-0.113,-0.095,-0.137,0.741,0.825,1.052,1.142,0.947,-0.628,-0.514,-0.247,-0.157,-0.383,0.283,0.341,0.501,0.562,0.427,0.438,0.489,0.631,0.691,0.564
1993,-0.222,-0.197,-0.136,-0.114,-0.166,0.759,0.845,1.076,1.167,0.969,-0.634,-0.52,-0.252,-0.16,-0.387,0.267,0.327,0.494,0.555,0.416,0.455,0.507,0.649,0.709,0.581
1994,-0.176,-0.156,-0.108,-0.091,-0.131,0.776,0.865,1.1,1.192,0.991,-0.638,-0.526,-0.255,-0.162,-0.392,0.326,0.382,0.543,0.603,0.468,0.473,0.525,0.668,0.726,0.599
1995,-0.122,-0.109,-0.075,-0.063,-0.091,0.794,0.886,1.124,1.218,1.013,-0.644,-0.532,-0.258,-0.161,-0.396,0.39,0.446,0.598,0.659,0.527,0.491,0.544,0.686,0.745,0.618
1996,-0.076,-0.068,-0.047,-0.039,-0.057,0.811,0.905,1.149,1.243,1.036,-0.649,-0.536,-0.262,-0.162,-0.399,0.449,0.501,0.649,0.709,0.58,0.51,0.563,0.705,0.764,0.637
1997,-0.037,-0.033,-0.023,-0.019,-0.027,0.829,0.925,1.175,1.269,1.058,-0.65,-0.54,-0.265,-0.163,-0.403,0.499,0.552,0.697,0.757,0.628,0.528,0.583,0.724,0.783,0.656
1998,-0.001,-0.001,0,0,0,0.847,0.945,1.199,1.295,1.081,-0.655,-0.542,-0.269,-0.163,-0.406,0.549,0.602,0.743,0.801,0.675,0.549,0.603,0.744,0.802,0.675
1999,0.016,0.02,0.028,0.032,0.024,0.865,0.966,1.225,1.324,1.104,-0.659,-0.544,-0.27,-0.161,-0.409,0.595,0.646,0.787,0.845,0.719,0.57,0.623,0.763,0.821,0.695
2000,0.031,0.037,0.053,0.06,0.045,0.883,0.988,1.251,1.35,1.126,-0.664,-0.549,-0.272,-0.163,-0.411,0.636,0.687,0.829,0.887,0.76,0.591,0.643,0.784,0.842,0.715
2001,0.041,0.049,0.071,0.079,0.059,0.901,1.009,1.277,1.377,1.149,-0.67,-0.55,-0.272,-0.161,-0.413,0.673,0.721,0.862,0.922,0.795,0.607,0.664,0.804,0.864,0.736
2002,0.05,0.059,0.085,0.096,0.072,0.919,1.029,1.302,1.407,1.172,-0.675,-0.552,-0.27,-0.16,-0.415,0.702,0.754,0.896,0.954,0.828,0.628,0.684,0.825,0.885,0.757
2003,0.051,0.061,0.089,0.1,0.074,0.937,1.049,1.326,1.438,1.195,-0.678,-0.554,-0.271,-0.157,-0.417,0.727,0.776,0.92,0.979,0.852,0.65,0.704,0.847,0.905,0.778
2004,0.052,0.062,0.089,0.1,0.075,0.953,1.07,1.351,1.469,1.217,-0.683,-0.557,-0.272,-0.157,-0.418,0.75,0.798,0.943,0.999,0.874,0.672,0.726,0.868,0.925,0.799
2005,0.049,0.058,0.084,0.095,0.071,0.969,1.089,1.376,1.498,1.24,-0.689,-0.559,-0.273,-0.155,-0.419,0.769,0.816,0.959,1.015,0.892,0.692,0.748,0.89,0.946,0.821
2006,0.045,0.054,0.078,0.088,0.066,0.986,1.109,1.403,1.528,1.263,-0.692,-0.56,-0.273,-0.152,-0.42,0.787,0.833,0.976,1.031,0.909,0.713,0.769,0.912,0.968,0.843
2007,0.041,0.049,0.071,0.08,0.06,1.003,1.129,1.429,1.553,1.286,-0.695,-0.559,-0.272,-0.147,-0.42,0.805,0.85,0.992,1.051,0.926,0.737,0.791,0.935,0.988,0.866
2008,0.039,0.047,0.068,0.076,0.057,1.02,1.149,1.454,1.582,1.309,-0.696,-0.561,-0.269,-0.143,-0.42,0.822,0.869,1.014,1.072,0.945,0.759,0.814,0.959,1.014,0.889
2009,0.036,0.043,0.062,0.07,0.052,1.036,1.17,1.48,1.611,1.332,-0.697,-0.56,-0.266,-0.138,-0.42,0.838,0.887,1.033,1.089,0.964,0.781,0.836,0.982,1.039,0.912
2010,0.037,0.044,0.064,0.071,0.053,1.052,1.19,1.506,1.639,1.355,-0.696,-0.56,-0.263,-0.136,-0.419,0.861,0.911,1.058,1.113,0.989,0.806,0.858,1.007,1.062,0.935
2011,0.037,0.045,0.065,0.073,0.054,1.068,1.21,1.53,1.666,1.378,-0.698,-0.561,-0.261,-0.132,-0.418,0.883,0.935,1.084,1.14,1.013,0.825,0.881,1.031,1.088,0.959
2012,0.041,0.049,0.071,0.08,0.059,1.086,1.229,1.555,1.693,1.4,-0.697,-0.561,-0.258,-0.13,-0.417,0.909,0.962,1.114,1.169,1.043,0.847,0.904,1.056,1.111,0.983
2013,0.046,0.054,0.079,0.088,0.066,1.103,1.249,1.581,1.725,1.423,-0.698,-0.562,-0.255,-0.127,-0.416,0.939,0.992,1.146,1.201,1.074,0.869,0.928,1.079,1.136,1.008
2014,0.049,0.058,0.084,0.095,0.071,1.119,1.268,1.606,1.755,1.446,-0.698,-0.561,-0.251,-0.124,-0.414,0.967,1.021,1.177,1.232,1.103,0.893,0.953,1.104,1.159,1.032
2015,0.048,0.058,0.084,0.094,0.07,1.135,1.287,1.63,1.783,1.469,-0.699,-0.561,-0.249,-0.119,-0.412,0.99,1.045,1.203,1.256,1.127,0.916,0.977,1.129,1.184,1.057
2016,0.045,0.054,0.078,0.087,0.065,1.152,1.309,1.656,1.811,1.492,-0.703,-0.56,-0.243,-0.115,-0.41,1.008,1.064,1.224,1.277,1.147,0.938,0.999,1.155,1.212,1.082
2017,0.041,0.049,0.071,0.08,0.059,1.168,1.328,1.681,1.839,1.515,-0.7,-0.56,-0.238,-0.109,-0.408,1.024,1.082,1.244,1.298,1.167,0.962,1.023,1.182,1.24,1.108
2018,0.037,0.044,0.064,0.071,0.053,1.183,1.349,1.708,1.867,1.538,-0.702,-0.558,-0.233,-0.101,-0.405,1.039,1.101,1.262,1.322,1.186,0.983,1.048,1.208,1.269,1.133
2019,0.033,0.039,0.057,0.064,0.048,1.2,1.369,1.733,1.894,1.561,-0.7,-0.558,-0.227,-0.093,-0.402,1.056,1.121,1.285,1.346,1.206,1.007,1.073,1.237,1.299,1.159
2020,0.029,0.035,0.05,0.057,0.042,1.216,1.389,1.758,1.923,1.584,-0.703,-0.559,-0.221,-0.089,-0.399,1.072,1.14,1.307,1.37,1.227,1.029,1.098,1.265,1.329,1.185
2021,0.028,0.033,0.048,0.054,0.041,1.233,1.409,1.783,1.952,1.607,-0.701,-0.557,-0.216,-0.088,-0.396,1.094,1.164,1.332,1.398,1.252,1.054,1.123,1.294,1.359,1.211
2022,0.029,0.034,0.05,0.056,0.042,1.249,1.43,1.809,1.98,1.63,-0.698,-0.556,-0.212,-0.08,-0.393,1.119,1.19,1.364,1.429,1.279,1.079,1.148,1.322,1.39,1.237
2023,0.03,0.036,0.052,0.058,0.044,1.266,1.451,1.837,2.008,1.653,-0.697,-0.554,-0.207,-0.07,-0.389,1.144,1.216,1.393,1.461,1.308,1.101,1.172,1.35,1.421,1.264
