variable,Nat,Nat,Nat,Nat,Nat,GHG,GHG,GHG,GHG,GHG,OHF,OHF,OHF,OHF,OHF,Ant,Ant,Ant,Ant,Ant,Tot,Tot,Tot,Tot,Tot,Res,Res,Res,Res,Res
percentile,5,17,83,95,50,5,17,83,95,50,5,17,83,95,50,5,17,83,95,50,5,17,83,95,50,5,17,83,95,50
Year,,,,,,,,,,,,,,,,,,,,,,,,,,,,,,
1941-1950 (AR6 rate definition),0.0008533416936794896,0.0012394069001981714,0.0028477622383471677,0.0036093565234632217,0.0019403873067913636,0.003227028760946156,0.0036382723784807933,0.004849762988812994,0.005350381316560697,0.004229280533212601,-0.001687067069790575,-0.0012800222707517247,-0.0002976047030904107,1.4910506028120444e-05,-0.0007681452866756554,0.002774564334840488,0.0030374626318613717,0.0039042236380504845,0.004307609358520222,0.0034259718024369406,0.0041352212564511725,0.004633180431344283,0.006395815434780984,0.007211528871998639,0.005432366963588833,-0.06387675740953647,-0.05403575850707112,-0.023946454182507085,-0.011904020474715747,-0.04106298648455943
1942-1951 (AR6 rate definition),0.0009314072470773338,0.0013722724761023653,0.0032251255020047673,0.004104214680917329,0.0021759637151703712,0.003031491149555546,0.0034372028500744755,0.0046303736441063005,0.005122997950423843,0.004016300313400494,-0.001677727518659641,-0.0012640332489302663,-0.0003231300905798413,-3.2792995740292975e-05,-0.0007658356292681251,0.002542893714977029,0.002816037231322489,0.003683340278538789,0.004070593872756667,0.0032105113520766704,0.003995165292060741,0.004555271351879298,0.006541396411079345,0.007477391750523545,0.0054484491095398374,-0.054212642510732025,-0.04819912925320255,-0.019373213984015765,-0.008929422420871157,-0.03598704345552532
1943-1952 (AR6 rate definition),0.000847493338991295,0.0012577475616426179,0.003004021878043809,0.0038396572321653367,0.0020122420155640804,0.00293431624318613,0.0033229838718067495,0.004488576242417999,0.004974478347734957,0.003884538646900287,-0.0019508715967337259,-0.0015246530680945451,-0.0005124709822914852,-0.00019085596033343284,-0.0010015076308539442,0.002072951147953665,0.002407368068442198,0.0033668295903639283,0.0037493242007313283,0.00286678888581016,0.003423273473074936,0.004022844223362018,0.006017015354199841,0.0069268403766733185,0.004936970002723461,-0.0406776432570945,-0.0355236593252824,-0.012169961320913652,-0.003576842290208415,-0.026689888409931556
1944-1953 (AR6 rate definition),0.000590815663224817,0.0008979546488686029,0.002247954237190158,0.0028988985717296645,0.0014799100318641368,0.0029662155472870975,0.0033300769130388836,0.004458567079269515,0.004939358541459744,0.0038682154633782042,-0.0026144009873722497,-0.002097579254345471,-0.0008707133581240952,-0.0004549856512158202,-0.001455321727376992,0.001395029091473781,0.001842136088645821,0.0029794936080773647,0.0033632571814638293,0.002424176669482023,0.002384810795386624,0.003055021677956436,0.004920570297674695,0.005678929560112227,0.00396239427906093,-0.02368751907862273,-0.01941901189585528,-0.00214896459953691,0.004416682293751473,-0.012895232393886118
1945-1954 (AR6 rate definition),-3.052875625364712e-05,0.0002873688492585305,0.0011347192485224118,0.0015191360495307228,0.0006655935310956197,0.0031102459539066618,0.003454672250783799,0.004548725756731887,0.00502720044417816,0.00397243463631832,-0.003560232136285662,-0.0028713370064894356,-0.0012970269177899202,-0.0007283517650582612,-0.0020570843057198954,0.0006081354076212124,0.0012065861685709477,0.0026254181338079027,0.0030510852350430044,0.0019607618902668738,0.0008377642116763335,0.001685052101359228,0.003559575420437436,0.004165470595612671,0.0026685956301111167,-0.010455193571802805,-0.005868586361690461,0.007112099750701218,0.015617122357203193,5.4232239948971633e-05
1946-1955 (AR6 rate definition),-0.0011122694464795527,-0.0005894750365705198,0.0002527178697513807,0.00046170521188866067,-9.319408599174636e-05,0.003317927329829239,0.003656518970475039,0.004736557335564575,0.00521614263455072,0.004166223063613429,-0.0044725847786123065,-0.003614555634332425,-0.0016681931452317638,-0.000941403310633065,-0.002608358024647743,-2.344364921252016e-05,0.0007179767642960365,0.0024018828173478454,0.0028981442027019677,0.0016128209052663864,-0.0007115473711129429,0.000297449017112898,0.002468942140991035,0.0030907018979390395,0.0014756752234516678,-0.00840255641032744,-0.005813254157772685,0.012543989650961575,0.017047880266080465,0.0029628519617924164
1947-1956 (AR6 rate definition),-0.0018157991247646707,-0.0012003776661374348,-0.00012787662446498964,7.606947625225221e-05,-0.0005627117825276909,0.0035621759792168893,0.003907794121539957,0.004998848024642834,0.005488271866783963,0.004422259782299853,-0.005189705983255839,-0.004195036895798914,-0.001943677896803076,-0.0010945935840859546,-0.0030268677256324065,-0.00037505332267646316,0.00046135626597837865,0.0023247422151493214,0.00289226989854465,0.001444247184377729,-0.0015862591338880088,-0.000491446187098833,0.0019180285822261473,0.002605713298826508,0.0008120254133686852,-0.01853265136021726,-0.01468256475787723,0.0014290425140255423,0.006192296131542228,-0.006329114229954557
1948-1957 (AR6 rate definition),-0.0013502079474203474,-0.000902575571428649,-5.93532402858583e-05,0.00013485520852334195,-0.00042418392770217936,0.0038348921997980704,0.004197199747417909,0.005323802371819817,0.005833219036911467,0.004727004694216165,-0.0059156129667253185,-0.004770503688942301,-0.0021990941771955195,-0.0012384566788872073,-0.0034289069247968257,-0.0006866130413431115,0.00026187008619307756,0.002313354132753418,0.0029568234582741993,0.0013398326256058393,-0.0014951694508393593,-0.00041515483187907413,0.001992409641092475,0.0027179075145360074,0.0008672847892298788,-0.012920201340351593,-0.007704115795740629,0.005319662962729734,0.011087948910496902,-0.0012010401199487118
1949-1958 (AR6 rate definition),6.414289388692554e-05,0.00016032614626667645,0.0005855463372938546,0.0008600543032992996,0.0003322220322760656,0.004120277274738661,0.004506665975758519,0.005688554413390871,0.006226239249561759,0.005060455744916743,-0.006589625202345126,-0.005332553538409146,-0.0024527111006053992,-0.0013823189518668453,-0.0038305846127596735,-0.0009144288978793455,9.291840141468679e-05,0.0023406478202704145,0.0030682264990878824,0.0012647628784179664,-0.0006195646298654212,0.00041278681971810606,0.0027691000356818577,0.0035424751314249918,0.0016391966830600307,-0.007906492659680993,-0.0035739984962750533,0.00669523081273744,0.010190633482998241,0.001532022361502509
1950-1959 (AR6 rate definition),0.0005805422343087925,0.0008759016807783713,0.002139410934664987,0.002761903165867832,0.0014187047653125978,0.004400746027628576,0.00481388839808378,0.006061506639827379,0.006633009766087393,0.005397199049140463,-0.007041560709476465,-0.0057403940129460715,-0.0026437960465749105,-0.0014910916075336195,-0.004132822201107488,-0.0008918767445015191,7.807163578090845e-05,0.0024359680350982747,0.0032281778301253496,0.001288474328590155,0.0003806670506795181,0.001437955537528703,0.0040959129134813905,0.005046284099419907,0.0027788175777955313,-0.0076577756167248295,-0.004351843341056142,0.004891951777266738,0.007750009400628959,0.00017437096861558496
1951-1960 (AR6 rate definition),0.0009271588187777615,0.0014217345486536165,0.003558069675709262,0.004595630037965194,0.002335472213047924,0.00468145048979558,0.005122602493473987,0.006439594458449972,0.007046264111995705,0.005737566135146402,-0.0074978802330566184,-0.006127721627553308,-0.0027931012118404576,-0.0015783339919465964,-0.0043928573303150375,-0.0008690860099864783,9.78614272493251e-05,0.002569763124892209,0.0034199134734543895,0.0013563279852722605,0.0010395344369339124,0.0021970792096672556,0.005444159533038292,0.006687564587954323,0.003789611567150459,-0.018591588543107114,-0.015549708658434228,-0.0075907368041066995,-0.004632899812704912,-0.011743428536944772
1952-1961 (AR6 rate definition),0.0010656402858369263,0.0016463955496296729,0.004187262003394688,0.005419225796605601,0.002731198862646566,0.004961663394263298,0.005430136393417018,0.006816041861519675,0.007455313386339143,0.006077466408411664,-0.007995562928192541,-0.006536256940075845,-0.0029436336006179002,-0.001666825238728162,-0.0046608491151621835,-0.0009260435944253774,8.442860932061728e-05,0.002712344734957721,0.0036189720621614715,0.001419462534514342,0.0012286586517637405,0.0024826864076383137,0.006138370465148579,0.007553639411926278,0.0042604898413022285,-0.015414642667200308,-0.01181568096222526,-0.003819297589404006,-0.0005396962968745531,-0.007878221097317614
1953-1962 (AR6 rate definition),0.0005342951416969289,0.0010076437253843608,0.003190434931805639,0.004283193734784921,0.0019296534698117855,0.005242359078291692,0.005737925809441194,0.00719062638282775,0.007860433531529973,0.00641740316694433,-0.008301674145640744,-0.006811722571199591,-0.0030595411748597107,-0.0017355212603103033,-0.0048609372341271604,-0.00084025602449071,0.0001866447799133509,0.00290339997049534,0.0038444869807272276,0.0015615596464186002,0.0006832421593593815,0.0019049967915722782,0.005373984425356902,0.006675294438997905,0.0036124423146247815,-0.008232856397375926,-0.0049327536242181535,0.003410064341556839,0.006352747075178536,-0.0004913271122583931
1954-1963 (AR6 rate definition),-0.004876128149529298,-0.0036399603878909895,-0.0012433842000918415,-0.0006481198294822027,-0.002267892613555449,0.005544656795082673,0.0060695742350636035,0.007593916313214736,0.00829524824113555,0.006783965410608222,-0.008514947349374946,-0.0070011645266504,-0.0031501556090784803,-0.0017885787017417711,-0.005006224910418192,-0.0006511507973526451,0.0003867803486910683,0.0031569978594779987,0.0041171358480597865,0.0017860169663573722,-0.0037719539801279733,-0.002374083337458694,0.0010378278584191336,0.002064705310445837,-0.0005798642382477265,0.010297973557290705,0.012681040694626671,0.020515857703475786,0.022913939284802773,0.01682985954155976
1955-1964 (AR6 rate definition),-0.015853854919868432,-0.013243260163362273,-0.006870864878323943,-0.005070549324154854,-0.009857249034173565,0.005879352481076203,0.00643774990421351,0.008044375918128283,0.008781242162892307,0.0071923307397148755,-0.008559076916990857,-0.00705028832049081,-0.003189312340183689,-0.0018119821358810785,-0.0050573017109524126,-0.0002719034344861071,0.0007563635851397634,0.0035149601679859703,0.004467256972284017,0.002150114693424912,-0.013740588110504734,-0.011085240549210345,-0.004645744763540494,-0.002799386531114579,-0.007816863421237833,0.0034779446025266186,0.006611506655642933,0.015381173611124703,0.01872381093460277,0.01100450954470558
1956-1965 (AR6 rate definition),-0.02539345170484122,-0.02174884893000125,-0.011639747095435408,-0.008665293613448742,-0.016501068415571793,0.006233411115227325,0.0068266697580163975,0.00852377438906468,0.009298734999064242,0.007625412850668929,-0.008360429650003262,-0.006923863458814042,-0.0031547414380492618,-0.0017926604379758686,-0.004998280762722997,0.00029935951485778484,0.0013057116288127317,0.003996426516410073,0.004906461956826116,0.002665935637372911,-0.022564206367189216,-0.01892419775056117,-0.009028013666470852,-0.006166992494554224,-0.013934176979642925,-0.002659536574148766,0.0009063355495983952,0.011695778409414229,0.01577006139453839,0.006188005994419772
1957-1966 (AR6 rate definition),-0.02975019436781154,-0.02565147932731744,-0.013868138923083969,-0.010379607866425162,-0.019582314817517092,0.006607671163298863,0.007238083293943677,0.009033092166438238,0.009850327634450151,0.008084600170453395,-0.008194695607279284,-0.006803898665941129,-0.003101401020631645,-0.0017565982687202358,-0.004933551721500626,0.0008144295441381872,0.0018419500399719574,0.004542717443271109,0.005450760677005299,0.003216384938268947,-0.026384526100574127,-0.022260675180590536,-0.010737487552743981,-0.007409386422597999,-0.016441678549304152,-0.013569050510696165,-0.00973611522806018,0.0023971501447994136,0.006748387764179794,-0.0037733199992076
1958-1967 (AR6 rate definition),-0.029651272404854268,-0.02549164290482065,-0.01377356653651011,-0.01034008664671671,-0.019448230122074944,0.006999403003490344,0.007669348216418066,0.009569454227433057,0.010432163820122216,0.008566887902491018,-0.00819016135100163,-0.0067726761075583425,-0.0030598358697060363,-0.0017325072633949214,-0.004899757919889504,0.0012495507886915464,0.0023148918811118913,0.005076580578630618,0.006026092487754241,0.00373882064313599,-0.02588286722699801,-0.021625061381946906,-0.010105739845470946,-0.006824642537218152,-0.015766413284070555,-0.011025940204025104,-0.007310191814089195,0.004577944982726355,0.00886430991426371,-0.001503207044372563
1959-1968 (AR6 rate definition),-0.026724212905533163,-0.022811369781975045,-0.01216941992649244,-0.009133473301489812,-0.01725976528444638,0.007396506910974314,0.008106731311841444,0.010115108690478575,0.011026064202640993,0.009056420488791024,-0.008189845717314513,-0.006720251315470898,-0.002983915809880602,-0.001663770691463444,-0.004825585967663564,0.0017249171390677886,0.0028218669250155925,0.005651024926792483,0.00661678753567464,0.004294885965910821,-0.022498466146714753,-0.01848585056671591,-0.007898998901699532,-0.004947665351809876,-0.013011616513584606,-0.010652087261110093,-0.007212557242844592,0.0038815473870155537,0.007971227752101243,-0.0018232231296486019
1960-1969 (AR6 rate definition),-0.020671270231674,-0.0173978668489691,-0.008811846499395678,-0.006517047317395213,-0.012811745397012799,0.007801832023895144,0.008553300631768766,0.01067425139022597,0.011635948356353863,0.0095567425995162,-0.008028996559706602,-0.006574974568504273,-0.0028400835765130593,-0.001511141822645161,-0.004692955744085881,0.0023222658579999714,0.0034346652292844035,0.00631175175851041,0.007280008133613692,0.004942332704861958,-0.01597698576071045,-0.012570958578225357,-0.0037834499785394343,-0.0013493001325563974,-0.007953392059514022,-0.004375316235377934,-0.001371523046728476,0.008065319517429807,0.011616434341324778,0.0031794565024249512
1961-1970 (AR6 rate definition),-0.01235799537068516,-0.009991157264346405,-0.0038379195142311633,-0.002014117004917796,-0.00681666591853807,0.008255812932144507,0.00905389924121624,0.011305663563988428,0.012324864250240906,0.010119796341115778,-0.007938953136855905,-0.006512745088700082,-0.002767820781379034,-0.0012822475600423274,-0.004637525343533715,0.0028754081644795115,0.004018646919366086,0.007017578323682144,0.008033615784211584,0.005579618296839968,-0.007368215929829724,-0.004794563930143012,0.001996611560384428,0.004525024159388102,-0.0013919659636237446,-0.008131449813244577,-0.005112223719096758,0.0031762435717197744,0.006148697487819432,-0.0009657035440658074
1962-1971 (AR6 rate definition),-0.003940963768964693,-0.0023617541752332357,0.0023615599598340435,0.00470297708550016,-0.0002709372364210407,0.008757460433425308,0.009606970344529012,0.012007275586778462,0.013089421274084025,0.01074359733046906,-0.00803064355344483,-0.006586836279341669,-0.0027753629011638245,-0.0011715159700675444,-0.004679922940153054,0.0033607338143117477,0.004552738200534471,0.0076722401940461345,0.008831959190693765,0.00616595474156467,0.0010481448968251404,0.002905608567324545,0.009064427703618998,0.012255396651047641,0.005634425941741822,-0.014257141562618817,-0.010889071900679758,-0.002434197502158263,0.0007905805676383501,-0.00674681538913512
1963-1972 (AR6 rate definition),0.00204971663539199,0.0033600756888926917,0.00941451382540893,0.012402267138276137,0.005954582043076778,0.00931389056371921,0.01022040572672178,0.01278746113090805,0.013939410926717704,0.01143677632013956,-0.008212540370948375,-0.006724832635937302,-0.0028013996102593127,-0.001203914143032196,-0.0047710296331029915,0.0039303634067376515,0.005150535570852685,0.008293445428212478,0.009472202708323794,0.006782442963484559,0.007376961784832411,0.009339906468535915,0.016950783050421515,0.020434187395554596,0.012754106115211139,-0.015428257978893469,-0.011579624125818642,-0.001885647419388549,0.0016627871418710414,-0.006639917283036722
1964-1973 (AR6 rate definition),0.004581216404048699,0.006417629941931052,0.01354142625195285,0.01639275999631729,0.009641505624379286,0.010010984729636796,0.010988647764379323,0.013775849468780276,0.015016107694669208,0.012310550881154615,-0.00857074891979044,-0.006992375861514714,-0.0028602191245917083,-0.001314868941677339,-0.004944792751109959,0.004620221076589632,0.005858452283071743,0.008992601074955682,0.010081754841587754,0.0074968045859625815,0.010658805248412217,0.013134323016260612,0.021722221012819894,0.025058549778027968,0.01714346553340103,-0.002904076260800301,0.0010415084694484016,0.01167763351925621,0.015426634955502146,0.006434934524198376
1965-1974 (AR6 rate definition),0.004362153079921634,0.006008638460894653,0.012067852825462596,0.014354581174962782,0.008804645876146176,0.010809147168289531,0.011866872987963947,0.014909885122920524,0.016251691778500884,0.013310912612712745,-0.008918286814834132,-0.007240854805166063,-0.002914748926505899,-0.00133521769986008,-0.005084773807814626,0.005453053094220873,0.00670685528173592,0.009848005728288122,0.01092519981391502,0.00835116315971721,0.011199242278481975,0.013550877040985855,0.021119494754256625,0.02382724247195504,0.017193717622395716,-0.015995738872566796,-0.01231683921351126,-0.002352930235196694,0.001098042822330064,-0.00729575310286953
1966-1975 (AR6 rate definition),0.0024998743240950833,0.003443987428817447,0.007423815912933965,0.009134912053246588,0.005165738602535744,0.011549561782316716,0.01268028105027748,0.015941547478690272,0.017373487579100056,0.014229373137156161,-0.008954740473718352,-0.007253482125022191,-0.002894595758933006,-0.0012446808521494716,-0.005049797170089947,0.00642327244534637,0.007666054454716773,0.010791665015798611,0.01188389066042322,0.009288887273181563,0.010064348641670114,0.011892993728319808,0.017419416796077385,0.01944067486307837,0.014600434492934834,-0.01742748901050425,-0.01431377992440354,-0.0057098762414587514,-0.002887284137082824,-0.009909130676621289
1967-1976 (AR6 rate definition),0.0005160613785406128,0.001037213146489001,0.003736103057470632,0.005050797556653958,0.002185563319786029,0.012159765832351902,0.013349321629061836,0.016764972822232684,0.01826362326289667,0.014973232421008023,-0.00885626985268158,-0.007153849444606085,-0.002815549358725549,-0.001122833334586837,-0.00492836404027361,0.007345123914155082,0.00855492071942849,0.01162030233578248,0.012693943290999436,0.01013418810837196,0.008875148332480227,0.010350140625780274,0.014621088365713764,0.016197253483714476,0.012447117720589491,-0.022448227409216943,-0.019763132279005013,-0.012770930438076684,-0.010221687844023112,-0.01618617710262311
1968-1977 (AR6 rate definition),-0.000453410622042913,0.00016514214283476326,0.00226126951264274,0.0032569791871179467,0.0010572533200364424,0.012675811287128566,0.013915414671103158,0.017448445737361925,0.01900224304560457,0.015594873735398952,-0.008769836985703662,-0.007031354971004257,-0.0026791960962794003,-0.0009926043941893337,-0.00477039412115559,0.008209689002145418,0.009368575488076047,0.012327734917402269,0.01334280415917887,0.010887294556155346,0.008761772784319794,0.010129277618545467,0.013959989512508557,0.015309810999668012,0.012029393378532299,-0.00999762692700394,-0.007330448186984565,-0.0007273724395781758,0.0019658900024087144,-0.004105992349937105
1969-1978 (AR6 rate definition),-0.0005847371462203382,-2.7305902292330807e-05,0.001755789658407483,0.002609174181142766,0.0007755083180117338,0.01313759189663509,0.014421685925035737,0.01805494989770832,0.01965918519280173,0.016147229707602295,-0.008638059451724541,-0.006816973442381078,-0.002433974505825478,-0.0008459733460437154,-0.0045166047233523715,0.009112078095927371,0.010205896153594508,0.013038366133516489,0.014007166420871575,0.011653765584483293,0.009424378348119334,0.010701683188929705,0.014267316596074544,0.015510113934675848,0.012477968497709803,-0.009628457069171203,-0.007319732907820834,-0.0010709502534432863,0.001316006435151914,-0.00415164155490471
1970-1979 (AR6 rate definition),0.00047212200994236416,0.000829947943037206,0.002617010348022493,0.003424789636708076,0.001588938740844076,0.013554562393463001,0.014879316752607175,0.018600589401794203,0.020250254345662654,0.016644085717923703,-0.00843424328348853,-0.006524408224857211,-0.00213284796476364,-0.0006743579803768423,-0.004188093994603017,0.009998888639789635,0.011036750791650823,0.013783343832601207,0.014753806455568818,0.012430121501286823,0.011149767438570655,0.01236591625033003,0.015905466439145977,0.017173495897741024,0.014114920388568531,0.0010225714649652329,0.0034438024565267055,0.00891724259062021,0.0110933380500611,0.006315325417866308
1971-1980 (AR6 rate definition),0.0015196423915525275,0.0021208970428472666,0.004421862544999881,0.005355252887785547,0.0031574130848501672,0.013974375760916513,0.015339624506054495,0.01915274202823639,0.020848374330636233,0.017145862543221667,-0.008152331953698938,-0.006206341634194047,-0.001877470422423247,-0.0005477350701888405,-0.0038721287792379223,0.010851525154077647,0.011850767436352647,0.014556381919167251,0.015536409246199064,0.0132120486461755,0.013266227967811349,0.014543166205738523,0.018397690844355205,0.019789559723752917,0.01643650513706786,0.012034641613083135,0.014050521768149783,0.019662828773401232,0.02159511627206071,0.01681400145206488
1972-1981 (AR6 rate definition),0.0021017952757238422,0.0028952944054635187,0.005752603700440942,0.006878245316477136,0.004223105499245734,0.014375706513722749,0.015778833685499243,0.019676748012051427,0.021416961442340513,0.01762366078116677,-0.0076402032917196015,-0.005746670981248214,-0.0016295204559961965,-0.00043200231185464927,-0.003502409250447245,0.011756254669391758,0.012712990107861429,0.015376579415617564,0.0163600568518494,0.014042393095565566,0.014948930496519266,0.016306790523456804,0.02043324748494408,0.021925042732195418,0.018330940152659563,0.013975912746267785,0.015957273273305456,0.021569441439379285,0.023377030157681666,0.0188235153729858
1973-1982 (AR6 rate definition),0.0016718505118324448,0.002363459963351487,0.005041148709500151,0.006186635425935188,0.0035763437887935913,0.014699139224760438,0.016133109816999152,0.020088331334518695,0.021867721062718025,0.01800269249713781,-0.0071788014787616235,-0.005274823429006525,-0.0013290538164702271,-0.00023207086618199448,-0.0030678207675615948,0.01261413980614055,0.013526319400830704,0.016093023829387897,0.01705316725102337,0.014803259752013465,0.015439649377808414,0.016653723512635075,0.02037959770542201,0.021794721141005998,0.01846747678337675,0.00839763226940042,0.010287488478518113,0.015640549586803616,0.01736961709053227,0.012999376173441605
1974-1983 (AR6 rate definition),-0.0011160528424520512,-0.00028639236551173314,0.0016430858506002665,0.0025173442439391323,0.0006278743685194932,0.0150423381725947,0.016509429760051493,0.020530471725897326,0.0223482145504518,0.01840845852187186,-0.006696268545858779,-0.0047842137479420874,-0.0010076637579636148,-0.00023423730649731276,-0.0026103615309252884,0.013423851448478108,0.014322466530583116,0.016911918647361513,0.01789475977420806,0.015596537427468738,0.013803723851839702,0.014788671200925654,0.01778532062154827,0.018987498400789324,0.01622988392006267,0.023578606313165055,0.02549237883162939,0.030354534633006112,0.032113241739359435,0.02795553599964038
1975-1984 (AR6 rate definition),-0.006120492221688795,-0.004679450626315714,-0.001841254993313641,-0.0011385587054996212,-0.0030711585571142758,0.015440846789966928,0.01694526075955593,0.02104773931069807,0.022904852719017946,0.018882104122277456,-0.005879866950439681,-0.004100030841249408,-0.0006738296442411161,1.713474676678297e-06,-0.0020937561988830554,0.014323612036127023,0.015272763631560578,0.0179506039980686,0.018947712309432745,0.016591242587927622,0.010150566606810598,0.011563597603277735,0.015112389940204028,0.016257292321234032,0.013425443027958724,0.012440148216926242,0.014394152928454185,0.019613363864591744,0.02176615502473644,0.016923036152553382
1976-1985 (AR6 rate definition),-0.010497381624370587,-0.00877752233618362,-0.004507665933025155,-0.003334025926782157,-0.006493893875317139,0.01577401918895315,0.017308885332309846,0.0214709369847269,0.023360641129089137,0.019272083224672228,-0.00493448151783509,-0.0033297205874414215,-0.0003167387055176686,0.0003959422445658501,-0.00153340065118038,0.0151487372951074,0.016183142701784763,0.019003354300152184,0.020023540141004506,0.01757078247539924,0.006542292156002742,0.008479653970761728,0.013431780061938552,0.014919001469106376,0.01103263506383607,0.00216123364456563,0.00401947928231323,0.009785678392383769,0.012021674857559532,0.00681326089384543
1977-1986 (AR6 rate definition),-0.013764339643107219,-0.011852050733270132,-0.006387983782978897,-0.004787067882222772,-0.00902342280200118,0.015966307782765584,0.017516184936870238,0.021701123197873422,0.023612443551872732,0.019485825842077083,-0.004060432251655678,-0.0026143064155723073,3.350317626345157e-06,0.0008578302101655482,-0.0010127166906992572,0.01575081690694346,0.016883600507721752,0.019857004712928436,0.020923559584400855,0.0183423430630655,0.003756360113620758,0.006117676631970827,0.012428593554280026,0.014324303269386269,0.009279845248569146,-0.01624094499625216,-0.01386216163568227,-0.006600398107516499,-0.0039980017292228645,-0.010257121082395317
1978-1987 (AR6 rate definition),-0.014645668528444898,-0.012651601174119575,-0.006878329458709978,-0.005175435036265603,-0.00968704472267718,0.016063810749487425,0.017619268269249894,0.021812121073404946,0.02373886689995272,0.01958808320941348,-0.003532712567936285,-0.0021647680185057803,0.0002491645740740223,0.0011430334525577898,-0.0006691606658877701,0.016109794342156612,0.01732666128151343,0.02036675022226392,0.021441741287708285,0.018820045662648735,0.003159574252186401,0.005675224847865826,0.01251472331538343,0.014580675923463063,0.00908790628115335,-0.009525828500504062,-0.00699303158056555,0.0007256649736893585,0.0036298560166279966,-0.003177517439436277
1979-1988 (AR6 rate definition),-0.012595043615790818,-0.0107258640420482,-0.005713238261103857,-0.004293570015508909,-0.00810525918689867,0.016189800121567448,0.017753053072727083,0.02197152172435413,0.023914902878530098,0.019731219428958294,-0.0034152862790859154,-0.0020202047012068966,0.0004242363355376487,0.001330535813714522,-0.0004980411944967367,0.016372588863878525,0.017654031350757125,0.020678650521870817,0.021704733561385758,0.019142666549393617,0.005400728863297087,0.007778260140707988,0.014092471785617594,0.016001639754483193,0.010970865235184181,-0.00995811361424399,-0.007602594581178641,-0.000412267496244925,0.0023228567500006084,-0.004069551347867781
1980-1989 (AR6 rate definition),-0.0075699714807000665,-0.00618060171438706,-0.0027581729895407065,-0.0018383337895625826,-0.004359476591608572,0.01639868978298072,0.017978558395848117,0.022247812365040635,0.024216642885497124,0.0199799561139309,-0.003609348815498919,-0.002104020483566051,0.0004999471740289307,0.001487330636291798,-0.0004566558834278227,0.0166345239859639,0.017957037564479944,0.020932459831237777,0.021908757840142096,0.019421609423377287,0.010500949196743223,0.012413885423631357,0.01742776717200424,0.01903172434279412,0.01499329886653206,-0.015542654566692588,-0.013468276635334462,-0.0073680986972017755,-0.005041991439224647,-0.010479075478559197
1981-1990 (AR6 rate definition),-0.00107022966353477,-0.0003879991986817049,0.00192906145955732,0.0036941222183293435,0.0004030631791630908,0.016667062477631972,0.018269599322116727,0.022605307535691697,0.024603645566738018,0.02030191656314967,-0.0040101677269646615,-0.0023551361741441616,0.0004407517142368085,0.0015291758649276983,-0.0005468539216301549,0.01686756907990486,0.01818848342245275,0.02110637703447629,0.02205525547266006,0.019625263232173337,0.0169182229042053,0.018314352360638705,0.022374646410797557,0.02423721383918417,0.020218783075159237,-0.007221676292405888,-0.00508816054026653,0.0001715368135465365,0.002049289940376617,-0.002393516937665871
1982-1991 (AR6 rate definition),0.0020473841292727164,0.0028663437621294025,0.006346609352248238,0.0081413956670528,0.004365517195732203,0.016940621679479427,0.018565623142502503,0.022967096115603575,0.024996597622380077,0.020628527619621972,-0.004774387885223733,-0.0029038897373459497,0.00031355813687498083,0.0013293268373518238,-0.0007609292413248998,0.016974966526031483,0.018237766860109385,0.021076100284403012,0.02195443352966598,0.019629533363111094,0.020673125431393123,0.022048781945849902,0.026380132201946148,0.028296646710598092,0.024087225848978207,0.002266174337375121,0.004487943672659723,0.00995164920039701,0.011743870914885497,0.007346882358383897
1983-1992 (AR6 rate definition),0.00032937016275492623,0.000677380815811568,0.002427932983856987,0.0032053039934147472,0.0014529605417258366,0.017087015888907663,0.01872209544976552,0.023157035542256905,0.025208405003403156,0.020798379544055813,-0.00546844096797886,-0.0034280175277680977,0.00023871730809861888,0.0011908990280194785,-0.000874043910792375,0.016712288874568357,0.018052578514272537,0.021060561534130207,0.02198230661226042,0.019546064915079046,0.018134816559878256,0.019432802872224285,0.02274852365435976,0.023871627160997107,0.021102365128921732,-0.007318261767257801,-0.005336262945332713,-0.0008302749007284173,0.000625926969629343,-0.00294863132012049
1984-1993 (AR6 rate definition),-0.011982326729198437,-0.009839148643906366,-0.004903772168397676,-0.003578922064078859,-0.007156566731547088,0.01700366654179311,0.01862439784136684,0.023045249418778845,0.025102435350418093,0.020690077362638545,-0.005484989565430268,-0.00339891703020442,0.00040921815100944766,0.0014569243969339502,-0.0007240634524460954,0.01652897018374819,0.017992750169652863,0.02114707801016893,0.022083367759531177,0.0195627642400337,0.006501568402304804,0.009040741441827824,0.015253606770977823,0.01707089704997611,0.012304915171681023,0.0006817796532854898,0.002852627728014452,0.009898793069250659,0.012666322272835357,0.0062312904329067395
1985-1994 (AR6 rate definition),-0.022032885116200437,-0.018786978756910135,-0.01003336917280191,-0.007489299941666879,-0.014225024205745394,0.01670500397682188,0.018289102193081032,0.022667333696827708,0.02470957169027038,0.020330813075556876,-0.0052492770913875365,-0.0031611162947885866,0.0007577128807703697,0.001883289012493509,-0.0004320346496321947,0.01626604968851264,0.017843214905623236,0.021171468407818764,0.022130107798359604,0.01949857491435425,-0.003616373466722879,0.0001109952095783226,0.009994400250189227,0.012921667947913648,0.005181900389266712,-0.001877540728698171,0.0013503672989988458,0.011829461700903878,0.01576966578747626,0.006434499720159118
1986-1995 (AR6 rate definition),-0.02466599911366674,-0.021345701323342365,-0.01165128084253802,-0.008776925513141604,-0.01637920576789783,0.016254010272748556,0.017790759693492548,0.02211298299919473,0.02413027452700065,0.019804580283887457,-0.004962749914689501,-0.002855554838975274,0.0012430603621584081,0.002472663165041898,-0.00010510507519497723,0.01591537018616994,0.017576259916478945,0.021159027569221715,0.02217699952197798,0.01936185856660206,-0.006570239094170657,-0.00264573950297903,0.008293489737944163,0.011591170836578723,0.0028763586824590544,-0.0017994743340056026,0.0016590344600351254,0.012959984382445165,0.01699689343571663,0.007226197729169423
1987-1996 (AR6 rate definition),-0.022468994970038313,-0.019399922729131172,-0.010594503505183666,-0.008019106745522357,-0.014889951932215779,0.015708929426742305,0.017191474051186525,0.02145646455432426,0.0234399795893467,0.01918117711038301,-0.004293734377080739,-0.0021825620270136685,0.001901165404103015,0.0032347998880978795,0.00040911458658450783,0.015820199648539195,0.017518871296535832,0.02124285602569579,0.022326897960720644,0.019352513732332162,-0.0044242939894849585,-0.0007497863859841485,0.009432793438434603,0.01252668676954326,0.00435826814535893,-0.010509163822244967,-0.007162998660001907,0.0033356480219711823,0.007043395995755079,-0.0019738737451420623
1988-1997 (AR6 rate definition),-0.01723510607907718,-0.014654325845594885,-0.007647471019857083,-0.00572564770742743,-0.010957692869741357,0.015082766991673094,0.016512438253922894,0.020723055117058024,0.02266851564248399,0.01847936781969937,-0.0038834266680659677,-0.0017623712637207703,0.002494726372487622,0.003930121199651211,0.0008130225719827576,0.01535740724115663,0.017144964828635718,0.02114097012895527,0.022335275736722084,0.0191260475100893,0.0004831664399667176,0.0036932612260182746,0.012202439378608347,0.014811497980898062,0.00801825703996599,-0.004877685611559587,-0.00206105992457632,0.006950055235686403,0.010190536237011352,0.0023503417008076625
1989-1998 (AR6 rate definition),-0.00933178197902938,-0.007470367574401089,-0.0026937227742958175,-0.000866876087349026,-0.005028766474093905,0.014541827801502113,0.015930827335877838,0.020081638451778506,0.021990021864573165,0.01787147449724603,-0.004101266183636415,-0.0019851482736341695,0.00287060895110622,0.0044040819359096595,0.0009196876124902274,0.014484468283075268,0.01631784143231132,0.020864552577336597,0.022200554826042867,0.01865685744719072,0.007411924736066281,0.010140570300998105,0.016775716953205327,0.018920490443706514,0.013576341488144617,0.007678389169388652,0.010024769863911032,0.01737330914254893,0.02036441475336412,0.013549158407488106
1990-1999 (AR6 rate definition),-0.00010808627159955762,0.0008964612040894434,0.005582815876601006,0.008584623567153215,0.0026689852284493276,0.014272803953199678,0.015635067043882428,0.019719134377710706,0.021597571192365717,0.017540909124143182,-0.00394660851269057,-0.0018565276716694685,0.0032309881069443472,0.004829602155721546,0.0011616857891732976,0.014170342756040165,0.01609146817163986,0.020894028385480233,0.02232043013428196,0.018581808064923138,0.01648619342934,0.018693209232705975,0.024690232446699427,0.027359539243307966,0.021531726013530397,-0.008178133773899672,-0.005312971430407332,0.0017191343317655013,0.004400086735347,-0.0017408876813891768
1991-2000 (AR6 rate definition),0.006427998424994504,0.008837457400710479,0.018015687127040242,0.022128332360139617,0.012983957562369829,0.014188550150755675,0.015537495255470272,0.019566239024653567,0.02142285798535205,0.01741575743212844,-0.002804854503183644,-0.0009604802944443416,0.00357528970006741,0.005143480576349037,0.0015925779712922723,0.014769069245367316,0.01674450232404651,0.02120710015658176,0.022611541097814363,0.018973445169853432,0.024911052846547325,0.02770804105382975,0.03685637529510438,0.040784708875598305,0.03208830392721926,-0.017999534734955167,-0.013794010331233345,-0.003919365721331406,-0.0007450072302229056,-0.008653239472980868
1992-2001 (AR6 rate definition),0.011528995946388357,0.015554085756906057,0.029478043382620497,0.03459973703423064,0.02217309958139209,0.014196344108292555,0.015541718161467322,0.019535366517124744,0.021372824979550915,0.017404148795387944,-0.0016247538454604957,-9.335100379856688e-05,0.0038119946329882724,0.005292426636724781,0.0019836901715307555,0.015193729743812999,0.01741824661240433,0.02157291938680587,0.0228840120543133,0.019467306678945355,0.031134791121338334,0.03508830473278506,0.048520222246646885,0.05342552415349265,0.04175092325066076,-0.019656044217743765,-0.014423196142659318,-0.0006544924439636569,0.003378584587233936,-0.007456004137003961
1993-2002 (AR6 rate definition),0.012678301727159348,0.016955286511107157,0.031440060504825056,0.036399948672800685,0.023960310481770934,0.01425653500990433,0.015603808377728316,0.019581771680803006,0.02140634934107465,0.017462573990677348,-0.0007546787912195136,0.00040877132885383934,0.0038499683638413664,0.005266621889490062,0.0021693794113217023,0.01565754298007854,0.01778768571579096,0.02190238797664642,0.023141666397903892,0.01980719909523472,0.03273318684462344,0.03685750677730099,0.05075532799236703,0.05551790533643779,0.04389026047605456,-0.023953972630992984,-0.018926243006378747,-0.004876142605772293,-0.0007891698041930776,-0.012003432949440496
1994-2003 (AR6 rate definition),0.010138580645998999,0.013497731042743637,0.025218408495484092,0.02947773095425818,0.019121051679901555,0.014323133446953497,0.015673560384548084,0.01965001076640502,0.02146576274525033,0.01753570509679387,-0.00012502471718824244,0.000805030024412907,0.0036698644811456777,0.0049611088181986925,0.002205555028084556,0.015833469864093865,0.017959390311530144,0.022102009289192412,0.023368432413447982,0.019987347270503192,0.030192354086673652,0.0335045867869348,0.044839813983801644,0.049020827241016154,0.0392148155154604,-0.022076710289993296,-0.017840775082057177,-0.006401209442057844,-0.0030506434505382053,-0.012161775771528485
1995-2004 (AR6 rate definition),0.007157221691555936,0.00965094433346707,0.018998695833326293,0.022575433010686985,0.013973320812202115,0.014362723845424084,0.015714431831330946,0.019697659066229185,0.021506391294074792,0.017583550287015495,0.00013615101406520036,0.0008780354094324719,0.0032262151214209438,0.004374459656802094,0.0019924153884251974,0.015770964532187487,0.01779533461729681,0.021967116160826243,0.023313119212786355,0.019842020309332645,0.026658015937516173,0.029394680080991803,0.038694389744238424,0.042216951142657874,0.03399196827050413,-0.024098368644305142,-0.02054258127496437,-0.011052156405251784,-0.008175028455020356,-0.015741463087386255
1996-2005 (AR6 rate definition),0.0047315655026415535,0.00665572384345543,0.014310158652791212,0.017285303726376062,0.010167167248260795,0.014375624439933055,0.01572693062189854,0.01971816089659022,0.0215208847233743,0.017603712190281236,0.00015982148773743127,0.0007208037462198513,0.002603752174160708,0.003654840448589031,0.0015640614610729889,0.015583727161089553,0.017431862964774593,0.021558976534641165,0.02299889499490908,0.019448151913556182,0.023385806390733413,0.02589121213826265,0.03387631685083564,0.03685294926166531,0.02987613479296365,-0.013445916410798392,-0.010330102865273754,-0.0019965763885499608,0.000713655762938841,-0.006147261493430104
1997-2006 (AR6 rate definition),0.002491647440386287,0.004199592512665373,0.010346912977934788,0.012820031459894824,0.007044286982890108,0.014391409321264788,0.01574193443674029,0.019742340875394386,0.02153953570308101,0.017626521804115974,7.190937345678201e-05,0.0004323467296181321,0.002026480378526632,0.003133126262462498,0.0010880260304971167,0.015342046184973259,0.016994704560800027,0.02115615980552903,0.022831169854510912,0.01899019046263262,0.020297296950311343,0.02279952367146807,0.029871973792711885,0.032504702734224684,0.02633367776870727,-0.014997977531430399,-0.012220531634704192,-0.004638169116520496,-0.0019578067313484678,-0.008424936381704884
1998-2007 (AR6 rate definition),0.0007128396940198866,0.0018390368750939765,0.006840692692549166,0.008890642412536015,0.004263687359564233,0.014367051901239306,0.015714917276844816,0.019724693565657644,0.021516171513181668,0.01760697148062966,-0.0005731767416000302,-6.706789948723423e-05,0.001350659527561885,0.0025812300068862627,0.00048244220740867327,0.01496964606371791,0.01642703925479544,0.020448321530313205,0.02218116128083432,0.018329123294714738,0.017211543971842012,0.019635175936149833,0.026085088892416505,0.028444984862298652,0.02284042076631023,-0.009677197505000306,-0.007173362549789484,-0.00027115707714675714,0.0022897348681351834,-0.003722761904425701
1999-2008 (AR6 rate definition),-0.0016529040591734836,-0.00016628807134023174,0.004003703342383785,0.005689141132170333,0.001901768308810213,0.014344371647545763,0.015689254876339074,0.019706581823753583,0.02149372660752497,0.017587303754055133,-0.001800361573696147,-0.0010046121767072812,0.0006065949671196257,0.0018094463883475893,-0.000180330014590059,0.01453605666305082,0.01582292564348742,0.01940978735504731,0.02082599175698829,0.017545785506566346,0.01417978848471784,0.01657053568868921,0.022582512013839966,0.024609529683084223,0.019561797922307823,-0.0033060769760049867,-0.0010429087991678033,0.0054555749283595545,0.007908473474142906,0.0022053942084312456
2000-2009 (AR6 rate definition),-0.0036246478834161266,-0.0019555956873704094,0.0019368605934873679,0.003318542865471858,5.430616156169851e-05,0.01439165339325415,0.015738187414227087,0.019764118006735127,0.021549399007450423,0.01764212052027386,-0.0027986708012494167,-0.0016805739420833092,0.0004298873399243206,0.0016058332100510593,-0.0005210442073417317,0.01439102270386436,0.015585984959746849,0.01888792809934328,0.02015623540589302,0.017188947309147225,0.012078316067204331,0.014360411600633132,0.020168955820979533,0.022064145550583336,0.01723324204936174,-0.006468280502242229,-0.004330665279335029,0.0020911229276803895,0.0045309782101575205,-0.0011640882486421012
2001-2010 (AR6 rate definition),-0.004785333024055671,-0.003062095216729425,0.0006583062103300384,0.0018551778872356254,-0.0010815926912156018,0.014457517627513768,0.01580724029830004,0.019846826134305978,0.021633333906982924,0.017719507398027377,-0.0027426441149278114,-0.0014865004384156531,0.0007238546104142241,0.002118714652729769,-0.0003072466362606371,0.014672464619983304,0.015895926890951245,0.019202261321472368,0.02051033865321763,0.01749063676053825,0.011422350858197062,0.01356280078309951,0.019177930044405416,0.021064063689925454,0.01634184158209599,-0.009030665894405859,-0.0069546140638095414,-0.0008700201535971376,0.0014252986916989986,-0.003933490825478326
2002-2011 (AR6 rate definition),-0.004842177113856782,-0.0032809444575598763,5.5874901739032694e-05,0.001100462248379534,-0.0014983717126376707,0.0144925996570876,0.01584514084368041,0.01990057387496483,0.021688814018711908,0.017766603556546294,-0.0020498228976220723,-0.0006554816708420231,0.0014137764500849197,0.0031961312325614858,0.0002768070747454991,0.015093901103193088,0.016478583906636094,0.020107641187581116,0.021809085571404645,0.018199304739634194,0.01195515065482165,0.013965042233467095,0.019449632518219247,0.021471206022031366,0.01665262742476029,-0.01468841577608449,-0.012504812380261935,-0.00657814324328281,-0.004410124857853536,-0.009520444300759472
2003-2012 (AR6 rate definition),-0.0037887436512744795,-0.002582135834928713,6.68271549723405e-05,0.0009371639630108153,-0.0012141717315623272,0.014488458073500457,0.015841676181012915,0.019911228526722315,0.02170045639529368,0.01777133327541927,-0.0013202829794450005,1.0140644781516956e-05,0.002402304749597207,0.0044487082550415,0.0010131547848383651,0.015460433327790474,0.017074276700164363,0.021107590512795867,0.02336621952779366,0.018976194388938654,0.01330087903774148,0.015207651467034311,0.020472050981088084,0.022753103068380652,0.01774909080881059,-0.016422727734311728,-0.013944564775604348,-0.008025056719554191,-0.0059329429819163955,-0.010916015932470503
2004-2013 (AR6 rate definition),-0.001971823489575677,-0.001189884074483858,0.0006183208692254442,0.0013737616710590586,-0.00036554677468357777,0.014537313670823051,0.015892648996728816,0.019975390824404547,0.021768034913323138,0.017829323898662236,-0.0006503525918180313,0.0005146216397935693,0.0033146904463117817,0.005321851765567618,0.0017373718998648909,0.01583597533630603,0.01770478564681428,0.022104799155032998,0.02442914776729811,0.019793665589708263,0.015194695266810299,0.01708378760381178,0.02208843447945333,0.024380716229930065,0.019492251584024137,-0.01643598342078004,-0.01400611591487276,-0.008050940647491985,-0.00575838998919635,-0.011055269853166077
2005-2014 (AR6 rate definition),-0.00036576686370553565,0.00024243588090846127,0.001596494948999448,0.002271994544249593,0.0007003162394870413,0.01466292209697487,0.01602502759297688,0.02012590567270914,0.02192691026311939,0.01797133503538185,1.191740160608851e-05,0.0010406596848007447,0.004193951301502462,0.0060881941291418985,0.0024638570619351973,0.016265518575003687,0.018387837482221208,0.02320235077540077,0.025447295037182866,0.020690829464883494,0.01710174753810418,0.019111988277146313,0.024147332021684367,0.02634968900319303,0.021550966212243693,-0.01989020038346732,-0.01749891856981611,-0.011570816744344707,-0.009091259234895307,-0.014547129922236009
2006-2015 (AR6 rate definition),0.0006646020383094288,0.0010158954481735366,0.0025634825719576862,0.003292691215421214,0.0016679413334438303,0.014816536885319342,0.016189025141976093,0.020316391648668202,0.022128602988792188,0.018148561679955696,0.00044397669308114766,0.0014874884644241046,0.004831238349278766,0.006574660414286578,0.0030403383753516474,0.016655549605687454,0.01899216295011114,0.024114997043754107,0.026153696974118533,0.02147086515571132,0.01853267021251444,0.020702407515410214,0.025932456330819552,0.027945938020041507,0.023275088360815335,-0.007718056498208282,-0.0054800459803964,0.00043217792824813673,0.0028184161102399186,-0.0025313349384250084
2007-2016 (AR6 rate definition),0.0009565749346758369,0.0013597902870087926,0.003033279465454997,0.0037912229493711935,0.00209286900406534,0.015057330420522999,0.016446414492346996,0.02061045257250468,0.022439453168348805,0.018424147548097552,0.0007704488842776339,0.0018070847220493077,0.005261646697918576,0.006946101775675105,0.00341810457634204,0.01705659562891185,0.019554299173933067,0.02488932454224788,0.026790096326307793,0.022164257367451992,0.0193746500123631,0.02168161074320474,0.02710653285185491,0.02897591247703088,0.024384341637293503,0.005942056790897342,0.008054948321593019,0.014112884283785458,0.016459264868242434,0.01106042061142172
2008-2017 (AR6 rate definition),0.0010097862469653281,0.0014039048431723415,0.0030096718248995855,0.0037284499824498628,0.0021145293827761298,0.015376148837985408,0.016787773666959802,0.02100515606909085,0.02285625421639639,0.018791237744418036,0.0009184693657990624,0.0020207459240248788,0.00559088377519086,0.007225185944275424,0.003717002362915961,0.017485349900794745,0.020100673693599108,0.02563017426115095,0.027513146039211372,0.022819275928266106,0.019831827156471464,0.022260878472617183,0.027844176093737266,0.029663001064098287,0.025054131674044057,0.011943629209911738,0.014000784787123629,0.020203530941892308,0.022709874747829012,0.017047533697702674
2009-2018 (AR6 rate definition),0.0009052631972978506,0.0012349235320633096,0.0025967947124983315,0.003229914472410174,0.0018352498836589578,0.01571854947191291,0.017156544598666112,0.02143885740366843,0.02331820701107833,0.019191663554220452,0.001043674372926807,0.0022321832902503723,0.005828379412492123,0.007422416770096991,0.003951421560663169,0.01790864666303003,0.02060899114247526,0.026345298998283587,0.028289210886666256,0.023430364601539855,0.019970102797855,0.022514398340022918,0.028248135317455635,0.03010952674981317,0.025375360250473024,0.002397677091049084,0.004406624607953496,0.010622440879543622,0.013335030802603186,0.007459420250785168
2010-2019 (AR6 rate definition),0.0003621577183631337,0.0006482833599050819,0.0016583535822503495,0.0022207449478181896,0.001064707192056106,0.016049050453937383,0.017512488242351625,0.021865907582369663,0.023774290229334964,0.01958187710155136,0.0011271908252753998,0.002376470177462608,0.005972790518041823,0.00752072923111194,0.0040977597236633405,0.018278803211269963,0.021024665789170664,0.026939410520322393,0.02897429352456872,0.023930577798323183,0.019505772319707026,0.022161833445231115,0.02808107101556024,0.030071113470828883,0.025094353430198904,0.005261203360842592,0.007434560150909938,0.013829248330596419,0.01652193862503874,0.010613188297120907
2011-2020 (AR6 rate definition),-0.0010740205476229836,-0.0005500559707482646,0.0005049209169140371,0.0009308048315120435,-5.285443568771336e-05,0.016337937875227488,0.017824735663153866,0.022246175946611393,0.02418266654014584,0.019926590630502426,0.0011788350072774007,0.0024540575078942557,0.006180994213530528,0.007702929531082975,0.004245550343484592,0.018602953390641615,0.021381318507772498,0.027487265225612754,0.029648848356622588,0.02437378457098291,0.01846609070445553,0.021232636646790867,0.02751375497471204,0.029701398538820648,0.02433563543088505,0.012361468560288127,0.014741059397488388,0.021449445795973368,0.02420263038045078,0.01810376709609321
2012-2021 (AR6 rate definition),-0.0025379298807996684,-0.0018164281127127737,-0.00035681225201397184,2.100230617952352e-06,-0.001015341710863692,0.01658430659409722,0.01809083259466921,0.022573884328206364,0.024537078647902496,0.02022198727636624,0.0011143905161456677,0.002331008452357667,0.006249390860398615,0.007780221194931949,0.0042559223644661245,0.01876084902069786,0.02151668107148373,0.027852066726395553,0.030116048762292548,0.024617522413080337,0.01738262770753916,0.020198804667501784,0.026917267336989893,0.029294508370486166,0.023534799705852167,-0.0018091745361347043,0.0008235784061817538,0.00811123245822577,0.010993094108068334,0.004476524253065392
2013-2022 (AR6 rate definition),-0.003227509445313254,-0.0024953133860094994,-0.0008923705161520925,-0.0004898722943934519,-0.0016174396556435226,0.01676599397803795,0.018286808685822914,0.022821526354009428,0.024807663469603586,0.020442548665133398,0.0009754872519635797,0.002141386305292456,0.006115069460688213,0.0076303498808181665,0.004137280664784187,0.01877297506187904,0.02149819370110829,0.02797055991490682,0.03028317863290958,0.02468239357977202,0.016705941323078042,0.01952759773803482,0.026479058800321625,0.028965957814996862,0.02299487193425498,-0.01395733915664481,-0.011283384617530938,-0.0039559273814613145,-0.0011008186996773282,-0.007600580120572083
2014-2023 (AR6 rate definition),-0.00257585851136934,-0.002066121424689441,-0.0008234503133730459,-0.0004929492227507358,-0.0014051093409458777,0.016886833833925634,0.01841780922629618,0.02299394968784209,0.024998487667603923,0.020593435836560765,0.0005837635966864524,0.0017605926450906357,0.005716443845719993,0.007162204118389076,0.0038324441873666022,0.018524860396529726,0.021232613881429035,0.027751511884458114,0.030083039493271783,0.024460486209753794,0.016820600972031086,0.01959156157031203,0.026452858289082844,0.0289275280273322,0.02301524227315726,-0.009883598875480163,-0.007183237174864517,0.00014152003546020038,0.00297660845134295,-0.00349441923934853
